[1,["44HCHTh8RB6IJw0yc2aWT4","a2aukGeBZKD7Fd8JBD8EUi","b4Sw3Oi4lDwpI8qe6uhUaZ","b1x90wc59Lr565pU/LmI+o","22yh5u5jNM+byZ+rhqSP6g","a3zQCfCrBCDZJ4uf2rk5u8","104VtCjyJFI5SJ5i9bMM7D","947kCidi9BPbBt0722/DjR@6c48a","1brw/JvvpFnIvdrxpFCgMZ","21AGhk7fZPWp3gMXrVv0oP@4ef96","21AGhk7fZPWp3gMXrVv0oP@32556","b1xLoj3uNPWLIrn0A+Qs6r@6fb1c","f48A2P6NhO9ai3rTfY86hg@52a8f","73oayzpNhPbbr2YWlIo3cx@475f1","36Z4T/G3RO/K5XN+Kgwl9l@911de","d46zJ/azVIP6J/mno0mFh4@cc4a5","f4o4GH+q5CXLlTMd5if/B3","22OCK9JmlLW6y/GwFjhnoy","64XcQVP0pMH6JkzrBf8wE2","16OVW3M4VFp6r6cpOZwCfv","85Lmz5SO5IMb9Iq+XAul5R","81sxQDXZFGUZaxFGjgrbly","b78MBuQ7dC+6ibNjvHsdUK","83qW7Q6ahF5YC1YlUCnix/","54+YVjWOBI/Lla8+ao38aI@0ded7","84a2srmf9Oh7bHTb33X0mG@6c875","f6ubFxeJdIrpucvlA++HzJ@f21a1","39+E69er1GnKgY1LqfofFn@6c48a","a62GB9o/FG1al69w1JKekF@6f162","5aKku5nYlBd425tPyTooFh","7dwVMIhcBIDaO226p6wp8u","7eVwfeWghGgrSzUMB5pEQ9","d4D2EU3cxKFrH7+mkZIZLH","96FV/LXSVMH5wT58pSFRes","f95TiUMbdGILrrSnMzoVAq","f2h9adEUNO54IwOfxeOs5S","46zqYQDRJKzqK/YRUnJEyr","70sZ3JF3lIu5rd9vHrCIFi","94q2NaZ2dKjpdypnnxVwSz","53UK9/5ddA/4bowGYfaiBP","84zOc7WERLsYIuFqeUPPPI","baAkphIM5IioOsZTSL4Yoe","9eNlp78ipMdbFEkJCU1GCV","10/sZ73XRAmpOcCjdqGe4W","0f6wkm6ThIiJXcjFHnSx74","21AGhk7fZPWp3gMXrVv0oP@89580","0cTlJYtedGhr+8QbAM6lWk"],["root","asset","node","data","_mesh","target","source","value","targetInfo","_parent","_effectAsset","mainTexture","uiTrackNode","feedbackPrefab","prefabParticle","scene"],[["cc.Node",["_name","_id","_prefab","_parent","_children","_components","_lrot","_lscale","_euler","_lpos"],1,4,1,2,9,5,5,5,5],["cc.PrefabInstance",["fileId","propertyOverrides","prefabRootNode","removedComponents"],2,9,1,9],["cc.Prefab",["_name"],2],["cc.PrefabInfo",["fileId","root","asset","targetOverrides"],2,1,1,9],["cc.MeshRenderer",["_shadowReceivingMode","node","__prefab","_materials","lightmapSettings","_mesh"],2,1,4,3,4,6],["cc.Material",["_states","_defines","_props"],1,12],["cc.Material",["_name","_props","_states","_defines"],-1],["cc.JsonAsset",["_name","json"],1],["cc.Mesh",["_native","_dataLength","_hash","_struct"],0,11],["cc.PrefabInfo",["fileId","root","instance","asset"],2,1,4,6],["cc.CompPrefabInfo",["fileId"],2],["cc.ModelLightmapSettings",[],3],["cc.BoxCollider",["_isTrigger","node","__prefab","_center"],2,1,4,5],["9c0a2WODRtCTbRFPBcJlVNW",["initialSpawnDelay","collectionTimer","node","__prefab","uiTrackNode","feedbackPrefab"],1,1,4,1,6],["fcd7afbWP5O4oNvukKP8i0w",["node","__prefab","collect"],3,1,4,3],["ef7f6Mo37VDMqe8/rLZA/Rw",["node","__prefab","prefabParticle"],3,1,4,6],["cc.RigidBody",["_group","_type","node","__prefab"],1,1,4],["cc.TargetInfo",["localID"],2],["cc.PrefabInstance",["fileId","prefabRootNode","propertyOverrides"],1,9],["CCPropertyOverrideInfo",["value","propertyPath","targetInfo"],1,1],["CCPropertyOverrideInfo",["propertyPath","targetInfo","value"],2,1,8],["CCPropertyOverrideInfo",["value","propertyPath","targetInfo"],1,4],["CCPropertyOverrideInfo",["propertyPath","targetInfo","value"],2,4,8],["CCPropertyOverrideInfo",["propertyPath","targetInfo","value"],2,4,6],["CCPropertyOverrideInfo",["propertyPath","targetInfo","value"],2,1,6],["cc.SceneAsset",["_name"],2],["cc.Scene",["_name","_children","_prefab","_globals"],2,12,4,4],["cc.TargetOverrideInfo",["propertyPath","source","sourceInfo","target","targetInfo"],2,1,4,1,4],["cc.SceneGlobals",["ambient","shadows","_skybox","fog"],3,4,4,4,4],["cc.AmbientInfo",[],3],["cc.ShadowsInfo",["_shadowColor"],3,5],["cc.SkyboxInfo",[],3],["cc.FogInfo",[],3],["7fd34bSu+VGn5RWZN51aRtH",["node"],3,1],["75f3b8nsXpIlr6ODFFX3tRE",["node"],3,1]],[[20,0,1,2,2],[17,0,2],[19,0,1,2,3],[9,0,1,2,3,2],[1,0,1,2],[0,3,2,1],[3,0,1,2,2],[22,0,1,2,2],[10,0,2],[0,1,3,2,2],[8,0,1,2,3,4],[2,0,2],[0,0,4,2,2],[0,0,3,5,2,6,7,8,2],[11,1],[4,1,2,3,4,5,1],[21,0,1,2,3],[27,0,1,2,3,4,2],[24,0,1,2,2],[0,0,1,3,3],[18,0,1,2,3],[5,0,1,2,3],[0,0,1,3,5,3],[1,0,2,1,2],[23,0,1,2,2],[6,0,1,2,3,5],[7,0,1,3],[2,1],[0,0,4,5,2,2],[0,0,3,2,9,2],[0,0,1,4,3],[3,3,1],[4,0,1,2,3,4,5,2],[12,0,1,2,3,2],[13,0,1,2,3,4,5,3],[14,0,1,2,1],[15,0,1,2,1],[16,0,1,2,3,3],[1,0,1,3,2],[25,0,2],[26,0,1,2,3,2],[28,0,1,2,3,1],[29,1],[30,0,1],[31,1],[32,1],[33,0,1],[34,0,1]],[[[[21,[{"rasterizerState":{},"depthStencilState":{},"blendState":{"targets":[{}]}}],[{"USE_TEXTURE":true}],[[[{},"mainColor",8,[4,16777215],"mainTexture",6,0]],11]]],0,0,[0,0],[11,10],[7,5]],[[[26,"map_level_03",{"compressionlevel":-1,"height":60,"infinite":false,"nextlayerid":7,"nextobjectid":1,"orientation":"orthogonal","renderorder":"right-down","tiledversion":"1.6.0","tileheight":128,"tilewidth":128,"type":"map","version":"1.6","width":48,"editorsettings":{"export":{"format":"json","target":"map_level_03.json"}},"layers":[{"height":60,"id":6,"name":"Navigation - Must always be the bottom layer","opacity":1,"type":"tilelayer","visible":true,"width":48,"x":0,"y":0,"data":[1,2,2,2,1,1,1,1,2,2,2,2,2,2,2,2,2,2,2,2,2,2,2,2,2,2,2,2,2,2,2,2,2,2,2,2,2,2,2,2,2,2,2,2,2,2,2,2,1,1,0,0,0,0,0,2,2,2,2,2,0,0,0,2,2,0,0,0,0,0,2,2,2,2,2,2,2,2,2,0,0,0,0,0,2,2,0,0,0,0,0,0,0,0,0,2,1,1,0,0,0,0,0,2,2,2,2,2,0,0,0,2,2,0,0,0,0,0,2,2,2,2,2,2,2,2,2,0,0,0,0,0,2,2,0,0,0,0,0,0,0,0,0,1,2,1,0,0,0,0,0,2,0,0,0,0,0,0,0,0,0,0,0,0,0,0,0,2,2,2,2,2,2,2,0,0,0,0,0,0,0,2,0,0,0,0,0,0,0,0,1,1,2,2,2,0,0,0,0,2,0,0,0,0,0,0,0,0,0,0,0,0,0,0,0,0,0,0,0,0,0,0,0,0,0,0,0,0,0,0,0,0,0,0,0,0,0,0,1,2,2,0,0,0,0,0,0,0,0,0,0,0,0,0,0,0,0,0,0,0,0,0,0,0,0,0,0,0,0,0,0,0,0,0,0,0,0,0,0,0,0,0,2,0,0,0,0,2,2,0,0,0,0,0,0,0,0,0,0,0,0,0,0,0,0,2,0,0,0,0,0,0,0,0,0,0,0,0,0,0,2,0,0,0,0,0,0,0,0,2,2,0,0,0,0,2,2,0,0,0,0,0,0,0,0,0,2,2,2,2,0,0,0,1,0,0,0,0,0,0,0,0,0,0,0,0,0,0,2,0,0,0,0,0,0,0,1,1,1,0,0,0,0,2,2,0,0,0,0,0,0,0,0,0,1,1,0,0,0,0,0,1,2,0,0,0,0,0,0,2,1,0,0,0,0,1,1,2,2,0,0,0,0,0,0,0,0,0,0,0,0,2,2,2,2,2,2,2,0,0,0,0,0,0,0,0,0,0,0,1,2,0,0,0,0,0,2,2,0,0,0,0,0,0,0,0,0,0,0,0,0,0,0,0,0,0,0,0,0,2,2,0,0,0,0,2,0,0,0,0,0,0,0,0,0,0,0,2,2,0,0,0,0,0,2,2,0,0,0,0,0,0,0,0,0,0,0,0,0,0,0,0,0,0,0,0,2,2,2,0,0,0,0,0,0,0,0,0,0,0,0,0,0,0,0,0,0,0,0,0,0,0,0,0,0,0,0,0,0,0,0,0,0,0,0,0,2,2,0,0,0,0,2,2,2,2,2,0,0,0,0,0,0,0,0,0,0,0,0,0,0,0,0,0,0,0,0,0,0,0,0,0,0,0,0,2,0,0,0,0,0,0,0,2,2,2,0,0,0,0,0,0,0,2,2,0,0,0,0,0,0,0,0,0,0,0,0,0,0,0,0,0,0,0,0,0,0,0,0,0,0,0,0,2,2,0,0,0,0,0,0,0,0,0,0,0,0,0,0,0,0,2,2,0,0,0,2,2,2,0,0,0,0,1,1,1,1,1,0,0,0,0,1,1,1,0,0,0,0,0,0,0,2,1,1,1,0,0,0,0,0,0,0,0,0,0,0,0,0,2,2,0,0,0,2,2,0,0,0,0,0,1,0,0,0,0,0,0,0,0,0,0,1,0,0,0,0,0,0,0,0,0,0,0,0,0,0,0,0,0,0,0,0,0,0,0,1,2,2,0,0,0,2,2,0,0,0,0,0,0,0,0,0,0,0,0,0,0,0,0,1,0,0,0,0,0,0,0,0,0,0,0,0,0,0,0,0,0,0,0,0,0,0,2,1,2,2,0,0,0,0,0,0,0,0,0,0,0,0,0,0,0,0,0,0,0,0,0,1,1,1,1,1,1,0,0,0,0,0,0,0,0,0,0,1,1,1,0,0,0,2,2,1,2,2,0,0,0,0,0,0,0,0,0,0,0,0,0,0,0,0,0,0,0,0,0,0,0,0,0,0,0,0,0,0,0,0,0,1,0,0,0,0,1,1,0,0,0,2,2,2,2,2,0,0,0,0,0,0,0,0,1,1,1,0,0,0,0,0,0,0,0,0,0,0,0,0,0,0,0,0,0,0,0,0,0,1,0,0,0,0,0,0,0,0,0,2,2,2,2,2,0,0,0,0,2,1,1,1,1,1,1,0,0,0,0,0,0,0,0,0,0,0,0,0,0,0,0,0,0,0,0,1,1,1,0,0,0,0,0,0,0,0,0,0,0,2,2,2,0,0,0,2,1,0,0,0,0,1,1,0,0,0,0,0,1,1,1,1,1,1,1,1,0,0,0,1,0,0,0,0,0,0,0,0,0,0,0,0,0,0,0,0,0,0,2,2,0,0,0,2,1,0,0,0,0,0,0,0,0,0,0,2,1,0,0,0,0,0,0,1,0,0,0,1,0,0,0,0,0,0,0,0,0,0,0,0,0,0,0,0,0,0,2,2,0,0,0,2,1,0,0,0,0,0,0,0,0,0,0,2,1,0,0,0,0,0,0,0,0,0,0,1,1,0,0,0,0,0,0,0,0,0,0,0,0,0,0,0,0,0,2,2,0,0,0,0,0,0,0,0,0,0,0,0,0,0,0,0,0,0,0,0,0,0,0,0,0,0,0,0,1,0,0,0,2,2,0,0,0,0,0,2,2,2,2,0,0,0,2,2,0,0,0,0,0,0,0,0,0,1,0,0,0,0,0,0,0,0,0,0,0,0,0,0,0,0,0,0,0,0,0,0,2,2,0,0,0,0,0,1,2,2,1,0,0,0,2,2,0,0,0,0,0,0,0,0,0,1,0,0,0,0,0,0,0,0,0,0,0,0,0,0,0,0,0,0,0,0,0,0,1,2,2,0,0,0,0,1,1,1,0,0,0,0,2,2,0,0,0,0,0,1,0,0,0,1,1,1,0,0,0,1,0,0,0,0,0,0,0,0,0,0,0,0,0,0,0,0,1,2,2,0,0,0,0,0,1,1,0,0,0,0,2,2,0,0,0,0,1,1,0,0,0,2,2,2,0,0,0,1,2,0,0,0,0,0,0,0,0,0,0,0,0,0,0,0,0,2,2,0,0,0,0,0,0,0,0,0,0,0,2,2,0,0,0,1,1,1,0,0,0,0,0,0,0,0,0,1,0,0,0,0,0,0,0,0,0,0,0,0,0,0,0,0,0,2,2,2,2,0,0,0,0,0,0,0,0,0,2,2,0,0,0,0,0,0,0,0,0,0,0,0,0,0,0,0,0,0,0,0,0,0,0,0,0,0,0,0,0,0,0,0,0,2,2,2,2,0,0,0,0,0,0,0,0,0,2,2,0,0,0,0,0,0,0,0,0,0,0,0,0,0,0,0,0,0,0,0,0,0,0,0,0,0,0,1,1,1,0,0,0,1,2,2,2,0,0,0,0,0,2,0,0,0,2,2,0,0,0,0,0,0,0,0,2,2,1,1,0,0,0,0,0,0,2,1,1,1,1,0,0,0,1,1,1,1,0,0,0,0,0,0,0,0,0,0,0,2,2,0,0,0,2,2,0,0,0,0,0,0,0,0,0,0,1,1,0,0,0,0,0,0,0,1,1,0,0,0,0,0,0,0,0,0,0,0,0,0,0,0,0,0,0,0,0,2,2,0,0,0,2,2,0,0,0,0,0,0,0,0,0,0,1,1,0,0,0,0,0,0,0,0,0,0,0,0,0,0,0,0,0,0,0,0,0,0,0,0,0,0,0,0,0,2,0,0,0,0,2,2,0,0,0,0,0,0,0,0,0,0,1,1,2,0,0,0,0,0,0,0,0,0,0,0,0,0,0,0,0,0,0,0,0,0,0,0,2,2,0,0,0,0,0,0,0,0,2,2,2,2,0,0,0,0,0,0,0,0,0,0,0,0,0,0,0,0,0,0,0,0,0,0,0,0,0,0,0,0,0,0,0,0,0,0,2,2,0,0,0,0,0,0,0,0,2,2,2,2,0,0,0,0,0,0,0,0,0,0,0,0,0,0,0,0,0,0,1,1,0,0,0,0,1,1,1,1,1,0,0,0,0,0,0,0,0,0,0,0,0,0,0,0,2,2,2,2,2,0,0,0,0,0,0,0,0,0,0,0,0,0,0,0,0,0,1,1,0,0,0,0,0,0,0,2,2,2,0,0,0,0,0,0,0,0,0,2,2,0,0,0,2,2,2,2,2,1,0,0,0,0,4,0,0,0,0,0,1,2,0,0,0,0,1,1,0,0,0,0,0,0,0,0,2,2,2,0,0,0,0,0,0,0,0,2,0,0,0,0,2,2,2,2,2,2,0,0,0,0,4,0,0,0,1,1,1,2,0,0,0,0,2,0,0,0,0,0,0,0,0,0,0,2,2,0,0,0,2,0,0,0,0,2,0,0,0,0,2,2,2,2,2,2,0,0,0,2,2,0,0,0,0,1,1,0,0,0,0,0,2,0,0,0,0,2,0,0,0,0,0,2,2,0,0,0,2,2,0,0,0,1,0,0,0,0,2,2,2,2,2,2,0,0,0,2,2,0,0,0,0,4,1,0,0,0,0,0,2,0,0,0,2,2,2,0,0,0,0,2,0,0,0,0,0,2,0,0,0,1,0,0,0,0,2,2,2,2,2,0,0,0,0,2,2,0,0,0,0,0,0,0,0,0,0,0,0,0,0,0,2,2,2,2,0,0,0,0,0,0,0,0,0,2,0,0,0,0,0,0,0,0,2,2,2,0,0,0,0,0,0,0,0,0,0,0,0,0,0,0,0,0,0,0,0,0,0,0,0,2,2,2,0,0,0,0,0,0,0,0,0,0,0,0,0,0,0,0,0,0,2,2,2,0,0,0,0,0,0,0,0,0,0,0,0,0,0,0,0,0,0,0,0,0,0,0,0,0,0,2,0,0,0,0,0,0,0,0,0,0,0,0,0,0,0,0,0,0,2,2,2,0,0,0,0,0,0,0,0,0,0,0,0,0,0,0,0,0,1,1,1,1,0,0,0,0,0,0,0,0,0,0,0,0,0,0,0,0,0,0,0,1,0,0,0,0,2,2,2,0,0,0,0,0,0,1,0,0,0,0,0,0,0,0,0,1,1,1,1,1,1,0,0,0,0,0,0,0,0,1,0,0,0,0,0,0,0,1,1,1,1,0,0,0,2,2,0,0,0,0,0,0,0,1,1,0,0,0,2,0,0,0,0,1,1,1,1,1,1,0,0,0,0,0,0,0,0,1,0,0,0,0,0,0,1,1,1,1,1,0,0,0,2,2,0,0,0,0,0,0,0,1,1,0,0,0,2,1,0,0,0,0,1,1,1,1,0,0,0,0,0,0,0,0,0,1,1,1,0,0,0,0,0,0,0,0,1,0,0,0,2,2,0,0,0,0,0,0,0,1,1,0,0,0,2,1,0,0,0,0,0,0,0,0,0,0,0,0,1,0,0,0,0,0,2,2,0,0,0,0,0,0,0,0,1,0,0,0,2,2,0,0,0,0,0,0,1,1,1,0,0,0,2,1,0,0,0,0,0,0,0,0,0,0,0,0,1,0,0,0,0,0,0,0,0,0,0,0,0,0,0,0,0,0,0,0,2,2,0,0,0,0,0,0,1,0,0,0,0,0,2,1,1,1,0,0,0,0,0,0,0,1,1,1,1,0,0,0,0,0,0,0,0,0,0,0,0,0,0,0,0,0,0,0,2,2,0,0,0,0,0,0,0,0,0,0,0,0,1,0,0,0,0,0,0,0,0,0,0,0,0,0,0,0,0,0,0,0,0,0,0,2,2,2,0,0,0,0,0,0,0,2,2,2,0,0,0,0,0,0,0,0,0,0,0,0,1,0,0,0,0,0,0,0,0,0,0,0,0,0,0,0,0,0,0,0,0,1,1,1,2,2,0,0,0,0,0,0,2,2,2,2,0,0,0,0,0,0,0,0,0,0,0,0,0,0,0,0,0,0,0,0,0,2,0,0,0,0,0,0,0,0,0,0,0,0,0,0,2,2,0,0,0,0,0,0,2,2,2,2,0,0,0,0,2,0,0,0,0,0,0,0,0,0,0,0,0,0,0,0,0,2,2,0,0,0,1,0,0,0,0,0,0,0,0,0,0,0,0,0,0,0,0,0,0,0,2,2,0,0,0,0,2,2,2,2,0,0,0,0,0,0,0,1,1,0,0,0,0,1,2,0,0,0,1,0,0,0,0,0,0,0,0,0,0,0,0,0,0,0,0,0,0,0,2,2,0,0,0,0,2,2,2,2,1,0,0,0,0,0,0,1,1,0,0,0,0,2,2,0,0,0,2,0,0,0,0,0,2,2,2,0,0,0,0,2,2,2,0,0,0,0,2,2,2,2,2,2,2,2,2,2,2,2,2,2,2,2,2,2,2,2,2,2,2,2,2,2,2,2,2,2,2,2,2,2,2,2,2,2,2,2,2,2,2,2,2,2,2,2,2]},{"height":60,"id":4,"name":"Map","opacity":1,"type":"tilelayer","visible":true,"width":48,"x":0,"y":0,"data":[0,0,0,0,0,0,0,0,0,0,0,0,0,0,0,0,0,0,0,0,0,0,0,0,0,0,0,0,0,0,0,0,0,0,0,0,0,0,0,0,0,0,0,0,0,0,0,0,0,0,0,0,0,0,0,0,0,0,0,0,3,3,3,0,0,0,0,0,0,0,0,0,0,0,0,0,0,0,0,0,0,0,0,0,0,0,0,0,0,0,0,0,0,0,0,0,0,0,0,0,0,0,0,0,0,0,0,0,3,0,3,0,0,0,0,0,0,0,0,0,0,0,0,0,0,0,0,0,0,0,0,0,0,0,0,0,0,0,0,0,0,0,0,0,0,0,0,0,0,0,0,0,0,0,0,0,0,0,0,0,0,0,0,0,0,0,0,0,0,0,0,0,0,0,0,0,0,0,0,0,0,0,0,0,0,0,0,0,0,0,0,0,0,0,0,0,0,0,0,0,0,0,0,0,0,0,0,0,0,0,0,0,0,0,0,0,0,0,0,0,0,0,0,0,0,0,0,0,0,0,0,0,0,0,0,0,0,0,0,0,0,0,0,0,0,0,0,0,0,0,0,0,0,0,0,0,0,0,0,0,0,0,0,0,0,0,0,0,0,0,0,0,0,0,0,0,0,0,0,0,0,0,0,0,0,0,0,0,0,0,0,0,0,0,0,0,0,0,0,0,0,0,0,0,0,0,0,0,0,0,0,0,0,0,0,0,0,0,0,0,0,0,0,0,0,0,0,0,0,0,0,0,0,0,0,0,0,0,0,0,0,0,0,0,0,0,0,0,0,0,0,0,0,0,0,0,0,0,0,0,0,0,0,0,0,0,0,0,0,0,0,0,0,0,0,0,0,0,0,0,0,0,0,0,0,0,0,0,0,0,0,0,0,0,0,0,3,3,0,0,0,0,0,0,0,0,0,0,0,0,0,0,0,0,0,0,0,0,0,0,0,0,0,0,0,0,0,0,0,0,0,0,0,0,0,0,0,0,0,0,0,0,0,0,0,0,0,0,0,0,0,0,0,0,0,0,0,0,3,0,0,0,0,0,0,0,0,0,0,0,0,0,0,0,0,0,0,0,0,0,0,3,3,3,3,0,0,0,0,0,0,0,0,0,0,0,0,0,0,0,0,0,0,0,0,0,3,0,0,0,0,0,0,0,0,0,0,0,0,0,0,0,0,0,3,3,0,0,0,0,0,0,0,0,0,0,0,0,0,0,0,0,0,0,0,0,0,0,0,0,0,0,0,0,0,0,0,0,0,0,0,0,0,0,0,0,0,0,0,0,0,0,0,0,0,0,0,0,0,0,0,0,0,0,0,0,0,0,0,0,0,0,0,0,0,0,0,0,0,0,0,0,0,0,0,0,3,3,0,0,0,0,0,0,0,0,0,0,0,0,0,0,0,0,0,0,0,0,0,0,0,0,0,0,0,0,0,0,0,0,0,0,0,0,0,0,0,0,0,0,0,0,0,0,0,3,3,3,0,0,0,0,0,0,0,0,0,0,0,0,0,0,0,0,0,0,0,0,0,0,0,0,0,0,0,0,0,0,0,0,0,0,0,0,0,3,0,0,0,0,0,0,0,0,0,0,0,0,0,0,0,0,0,0,0,0,0,0,0,0,0,0,0,0,0,0,0,0,0,0,0,0,0,0,0,0,0,0,0,0,0,0,0,3,0,0,0,0,0,0,0,0,0,0,0,0,0,0,0,0,0,0,0,0,0,0,0,0,0,0,0,0,0,0,0,0,0,0,0,0,0,0,0,0,0,0,0,0,0,0,0,3,3,3,3,3,0,0,0,0,0,0,0,0,0,0,0,0,0,0,0,0,0,0,0,0,0,0,0,0,0,0,0,0,0,0,0,0,0,0,0,0,0,0,0,0,0,0,0,0,0,0,0,0,0,0,0,0,0,0,0,0,0,0,0,0,0,0,0,0,0,0,0,0,0,0,0,0,0,0,0,0,0,0,0,0,0,0,0,0,0,0,0,0,0,0,0,0,0,0,0,0,0,0,0,0,0,0,0,0,0,0,0,0,0,0,0,0,0,0,0,0,0,0,0,0,0,0,0,0,0,0,0,0,0,0,0,0,0,0,0,0,0,0,0,0,0,0,0,0,0,0,0,0,0,0,0,0,0,0,0,0,0,0,0,0,0,0,0,0,0,0,0,0,0,0,0,0,0,0,0,0,0,0,0,0,0,0,0,0,0,0,0,0,0,0,0,0,0,0,0,0,0,0,0,0,0,0,0,0,0,0,0,0,0,0,0,0,0,0,0,0,0,0,3,3,3,3,0,0,0,0,0,0,0,0,0,0,0,0,0,0,0,0,0,0,0,0,0,0,0,0,0,0,0,0,0,0,0,0,0,0,0,0,0,0,0,0,0,0,0,0,3,0,0,0,0,0,0,0,0,0,0,0,3,3,3,3,3,3,0,0,0,0,0,0,0,0,0,0,0,0,0,0,0,0,0,0,0,0,0,0,0,0,0,0,0,0,0,0,3,0,0,0,0,0,0,0,0,0,0,0,3,0,0,0,0,0,0,0,0,0,0,0,0,0,0,0,0,0,0,0,0,0,0,0,0,0,0,0,0,0,0,0,0,0,0,0,0,0,0,0,0,0,0,0,0,0,0,0,3,0,0,0,0,0,0,0,0,0,0,0,0,0,3,0,0,0,0,0,0,0,0,0,0,0,0,0,0,0,0,0,0,0,0,0,0,0,0,0,0,3,0,0,0,0,0,0,3,0,0,3,3,3,3,3,3,3,0,0,0,0,3,0,0,0,0,0,0,0,0,0,0,0,0,0,0,0,0,0,0,0,0,0,0,0,0,0,0,3,3,0,0,0,0,0,3,0,0,3,0,3,3,3,0,3,0,0,0,3,3,0,0,0,3,0,0,0,0,0,0,0,0,0,0,0,0,0,0,0,0,0,0,0,0,0,0,0,0,0,0,0,0,3,3,0,0,3,3,3,3,3,3,3,0,0,0,3,3,0,0,0,3,0,0,0,0,0,0,0,0,0,0,0,0,0,0,0,0,0,0,0,0,0,0,0,0,0,0,0,0,0,0,0,0,0,0,0,0,0,0,0,0,0,0,3,0,0,0,0,3,3,0,0,0,0,0,0,0,0,0,0,0,0,0,0,0,0,0,0,0,0,0,0,0,0,0,0,0,0,0,0,0,0,0,0,0,0,0,0,0,0,0,3,0,0,0,0,0,0,0,0,0,0,0,0,0,0,0,0,0,0,0,3,3,3,0,0,0,0,0,0,0,0,0,0,0,0,0,0,0,0,0,0,0,0,0,0,3,3,3,3,0,0,0,0,0,0,0,0,0,0,0,0,0,0,0,0,0,0,0,3,0,0,0,0,0,0,0,0,0,0,0,0,0,0,0,0,0,0,0,0,0,0,0,0,0,0,0,0,0,0,0,0,0,0,0,0,0,0,0,0,0,0,0,0,0,0,0,3,0,0,0,0,0,0,0,0,0,0,0,0,0,0,0,0,0,0,0,0,0,0,0,0,0,0,0,3,3,3,3,0,0,0,0,3,3,3,0,0,0,0,0,0,0,0,0,0,0,0,0,0,0,3,3,0,0,0,0,0,0,0,0,0,0,0,3,3,0,0,0,0,0,0,0,0,0,0,3,0,0,0,0,0,0,0,0,0,0,0,0,0,0,0,0,0,0,0,0,0,0,0,3,0,0,0,0,0,0,0,0,0,0,0,0,0,0,0,0,0,0,0,0,0,0,0,3,0,0,0,0,0,0,0,0,0,0,0,0,0,0,0,0,0,0,0,0,0,0,0,3,0,0,0,0,0,0,0,0,0,0,0,0,0,0,0,0,0,0,0,0,0,0,0,0,0,0,0,0,0,0,0,0,0,0,0,0,0,0,0,0,0,0,0,0,0,0,0,0,0,0,0,0,0,0,0,0,0,0,0,0,0,0,0,0,0,0,3,3,3,0,0,0,3,3,0,0,0,0,0,0,0,0,0,0,0,0,0,0,3,0,0,0,0,0,0,0,0,0,0,0,0,0,0,0,0,3,0,0,0,0,0,0,0,0,0,0,0,3,3,3,3,3,0,0,0,0,0,0,0,0,0,0,0,0,0,0,0,3,3,0,0,0,0,0,0,0,0,0,0,0,0,0,3,3,0,0,0,0,0,0,3,3,3,0,0,0,3,3,3,0,0,0,0,0,0,0,0,0,0,0,0,0,0,0,0,0,0,0,0,0,0,0,0,0,0,0,0,0,3,3,3,3,0,0,0,0,0,0,0,0,3,3,0,0,0,3,0,0,0,0,0,0,0,0,0,0,0,0,0,0,0,0,0,0,0,0,0,0,0,0,0,0,0,0,0,0,3,3,0,0,0,0,0,0,0,0,0,0,0,0,3,0,0,3,0,0,0,0,0,0,0,0,0,0,0,0,0,0,0,0,0,0,0,0,0,0,0,0,0,0,3,0,0,3,3,0,0,0,0,0,0,0,0,0,0,0,0,0,3,0,0,0,0,0,0,0,0,0,0,0,0,0,0,0,0,0,0,0,0,0,0,0,0,0,0,0,0,0,0,0,0,3,3,0,0,0,0,0,0,0,0,0,0,0,0,0,3,0,0,0,0,0,3,0,0,0,0,0,0,0,0,0,0,0,0,0,0,0,0,0,0,0,0,0,0,0,0,0,0,0,0,0,0,0,0,0,0,0,0,0,0,0,0,0,0,0,0,0,0,0,3,0,0,0,0,0,0,0,0,0,0,0,0,3,3,0,0,0,0,0,0,0,0,0,0,0,0,0,0,0,0,0,0,0,0,0,0,0,0,0,0,0,0,0,0,0,0,0,0,0,0,0,0,0,0,0,0,0,0,0,0,3,0,0,0,0,0,0,0,0,0,0,0,0,0,0,0,0,0,0,0,0,0,0,0,0,0,0,0,0,0,0,0,0,0,0,0,0,0,0,0,0,0,0,0,0,0,0,0,3,0,0,0,0,0,0,0,0,0,0,0,0,0,0,0,0,0,0,0,0,0,0,0,0,0,0,0,0,0,0,0,0,0,0,0,0,0,0,0,0,0,0,0,0,0,0,0,3,0,0,0,0,3,0,0,0,0,0,0,0,0,0,0,0,0,0,0,0,0,0,0,0,0,0,0,0,0,0,0,0,0,0,0,0,0,0,0,0,0,0,0,0,0,0,0,0,0,0,0,0,3,0,0,0,0,0,0,0,0,0,0,0,0,0,0,0,0,0,0,0,0,0,0,0,0,0,0,0,0,0,0,0,0,0,0,0,0,0,0,0,0,0,0,0,0,0,0,0,3,0,0,0,0,0,0,0,3,0,0,0,0,0,0,0,0,0,0,0,0,0,0,0,0,0,0,0,0,0,0,0,3,3,3,3,0,0,0,0,0,0,0,0,0,0,0,0,3,0,0,0,0,0,0,0,3,0,0,0,0,0,0,0,0,0,0,3,0,0,0,0,0,0,0,0,0,0,0,0,0,0,0,3,0,0,0,0,0,0,0,0,0,0,0,0,0,0,0,0,0,0,0,0,3,3,0,0,0,0,0,0,0,3,3,3,0,0,0,0,0,0,0,0,0,0,0,0,0,0,0,0,0,0,0,0,0,0,0,0,0,0,0,0,0,0,0,0,0,0,0,0,0,0,0,0,0,0,0,0,0,0,0,0,0,0,0,0,0,0,0,0,0,0,0,0,0,0,0,0,0,0,0,0,0,0,0,0,0,0,0,0,3,0,0,0,0,0,0,0,0,0,0,0,0,0,0,0,0,0,0,0,0,0,0,0,0,0,0,0,0,0,0,0,0,0,0,0,0,0,0,0,0,0,0,0,0,0,0,0,0,0,0,0,0,0,0,0,0,0,0,0,0,0,0,0,0,0,0,0,0,0,0,0,0,0,0,0,0,0,0,0,0,0,0,0,0,0,0,0,0,0,0,0,0,0,0,0,0,0,0,0,0,0,0,0,0,0,0,0,0,0,0,0,0,0,0,0,0,0,0,0,0,0,0,0,0,0,0,0,0,0,0,0,0,0,0,0,0,0,0,0,0,3,0,0,0,0,0,0,0,0,0,0,0,0,0,0,0,0,0,0,0,0,0,0,0,3,0,0,0,0,0,0,0,0,0,0,0,0,0,0,0,0,3,3,0,0,3,3,3,3,0,0,0,0,0,0,0,0,0,0,0,0,0,0,0,0,0,0,0,0,0,0,0,3,0,0,0,0,0,0,0,0,0,0,0,0,0,0,0,0,3,3,0,0,3,3,3,3,0,0,0,0,0,0,0,0,0,0,0,0,0,0,0,0,0,0,0,0,0,0,0,3,3,3,3,3,0,0,0,0,0,0,0,0,0,0,3,3,3,3,0,0,0,0,0,0,0,0,0,0,0,0,0,0,0,0,0,0,0,0,0,0,0,0,0,0,0,0,0,0,0,0,0,0,0,0,0,0,0,0,0,0,0,0,0,0,0,0,0]},{"height":60,"id":5,"name":"Spawns","opacity":1,"type":"tilelayer","visible":true,"width":48,"x":0,"y":0,"data":[0,0,0,0,0,0,0,0,0,0,0,0,0,0,0,0,0,0,0,0,0,0,0,0,0,0,0,0,0,0,0,0,0,0,0,0,0,0,0,0,0,0,0,0,0,0,0,0,0,0,0,0,0,0,0,0,0,0,0,0,0,0,0,0,0,0,0,0,0,0,0,0,0,0,0,0,0,0,0,0,0,0,0,0,0,0,0,0,0,0,0,0,0,0,0,0,0,0,0,0,0,0,0,0,0,0,0,0,0,0,0,0,0,0,0,0,8,0,0,0,0,0,0,0,0,0,0,0,0,8,0,0,0,0,0,0,0,0,0,0,0,5,0,0,0,0,0,0,5,0,0,0,0,0,0,0,0,0,0,0,0,0,0,0,0,0,0,0,0,0,0,0,0,0,0,0,0,0,0,0,0,0,0,0,0,0,0,0,0,0,0,0,0,0,0,0,0,0,0,0,0,0,0,0,0,0,0,0,0,0,0,0,0,0,0,0,0,0,0,0,0,0,0,0,0,0,0,0,0,0,0,0,0,0,0,0,0,0,0,0,0,0,0,0,0,0,0,0,0,0,0,0,0,0,0,0,0,0,0,0,0,0,0,0,0,0,0,0,0,0,0,0,0,0,0,0,0,0,0,0,0,0,0,0,0,0,0,0,0,0,0,0,0,0,0,0,0,0,0,0,0,0,0,0,0,0,0,0,0,0,0,0,0,0,0,0,0,0,0,0,0,0,0,0,0,0,0,0,0,0,0,0,0,0,0,0,0,0,0,0,0,0,0,0,0,0,0,0,0,0,0,0,0,0,0,0,0,0,0,0,0,0,0,0,0,0,0,0,0,0,0,0,0,0,0,0,0,0,0,0,0,0,0,0,0,0,0,0,0,0,0,0,0,0,0,0,0,0,0,0,0,0,0,0,0,0,0,0,0,0,0,0,0,0,0,0,0,0,0,0,0,0,0,0,0,0,0,0,0,0,0,0,0,0,0,0,0,0,0,0,0,0,0,0,0,0,0,0,0,0,0,0,0,0,0,0,0,0,0,0,0,0,0,0,0,0,0,0,0,0,0,0,0,0,0,0,0,0,0,0,0,0,0,0,0,0,0,0,0,0,0,0,0,0,0,0,0,0,0,0,0,0,0,0,0,0,0,0,0,0,0,0,0,0,0,0,0,0,0,0,0,0,0,0,0,0,0,0,0,0,0,0,0,0,0,0,0,0,0,0,0,0,0,0,0,0,0,0,0,0,0,0,0,0,0,0,0,0,0,0,0,0,0,0,0,0,0,0,0,0,0,0,0,0,0,0,0,0,0,0,0,0,0,0,0,0,0,0,0,0,0,0,0,0,0,0,0,0,0,0,0,0,0,0,0,0,0,0,0,0,0,0,0,0,0,0,0,0,0,0,0,0,0,0,0,0,0,0,0,0,0,0,0,0,0,0,0,0,0,0,0,0,0,0,0,0,0,0,0,0,0,0,0,0,0,0,0,0,0,0,0,0,0,0,0,0,0,0,0,0,0,0,0,0,5,0,0,0,0,0,0,0,0,0,0,0,0,0,0,0,0,0,0,0,0,0,0,0,0,0,0,0,0,0,0,0,0,0,0,0,0,0,0,0,5,0,0,0,0,0,0,0,0,0,0,0,0,0,0,0,0,0,0,0,0,0,0,0,0,0,0,0,0,0,0,0,0,0,0,0,0,0,0,0,0,0,0,0,0,0,0,0,0,0,0,0,0,0,0,0,0,0,0,0,0,0,0,0,0,0,0,0,0,0,0,0,0,0,0,0,0,0,0,0,0,0,0,0,0,0,0,0,0,0,0,0,0,0,0,0,0,0,0,0,0,0,0,0,0,0,0,0,0,0,0,0,0,0,0,0,0,0,0,0,0,0,0,0,0,0,0,0,0,0,0,0,0,0,0,0,0,0,0,0,0,0,0,0,0,0,0,0,0,0,0,0,0,0,0,0,0,0,0,0,0,0,0,0,0,0,5,0,0,0,0,0,0,0,0,0,0,0,0,0,0,0,0,0,0,0,0,0,0,0,0,0,0,0,0,0,0,0,0,0,0,0,0,0,0,0,0,0,0,0,0,0,0,0,0,0,0,0,0,0,0,0,0,0,0,0,0,5,0,0,0,0,0,0,0,0,0,0,0,0,0,0,0,0,0,0,0,0,0,0,0,0,0,0,0,0,0,0,0,0,0,0,0,0,0,0,0,0,0,0,0,0,0,0,0,0,0,0,0,0,0,0,0,0,0,0,0,0,0,0,0,0,0,0,0,0,0,0,0,0,0,0,0,0,0,0,0,0,0,0,0,0,0,0,0,0,0,0,0,0,0,0,0,0,0,0,0,0,0,0,0,0,0,0,0,0,0,0,0,0,0,0,0,0,0,0,0,0,0,0,0,0,0,0,0,0,0,0,0,0,0,0,0,0,0,0,0,0,0,0,0,0,0,0,0,0,0,0,0,0,0,0,0,0,0,0,0,0,0,0,0,0,0,0,0,0,0,0,0,0,0,0,0,0,0,0,0,0,0,0,0,0,0,0,0,0,0,0,0,0,0,0,0,0,0,0,0,0,0,0,0,0,0,0,0,0,0,0,0,0,0,0,0,0,0,0,0,0,0,0,0,0,0,0,0,0,0,0,0,0,0,0,0,0,0,0,0,0,0,0,0,0,0,0,0,0,0,0,0,0,0,0,0,0,0,0,0,0,0,0,0,0,0,0,0,0,0,0,0,0,0,0,0,0,0,0,0,0,0,0,0,0,0,0,0,0,0,0,0,0,0,0,0,0,0,0,0,0,0,0,0,0,0,0,0,0,0,0,0,0,0,0,0,0,0,0,0,0,0,0,0,0,0,0,0,0,0,0,0,0,0,0,0,0,0,0,0,0,0,0,0,0,0,0,0,0,0,0,0,0,0,0,0,0,0,0,0,0,0,0,0,0,0,0,0,0,0,0,0,0,0,0,0,0,0,0,0,0,0,0,0,0,0,0,0,0,0,0,0,0,0,0,0,0,0,0,0,0,0,0,0,0,0,0,0,0,0,0,0,0,0,0,0,0,0,0,0,0,0,0,0,0,0,0,0,0,0,0,0,0,0,0,0,0,0,0,0,0,0,0,0,0,0,0,0,0,0,0,0,0,0,0,0,0,0,0,0,0,0,0,0,0,0,0,0,0,0,0,0,0,0,0,0,0,0,0,0,0,0,0,0,0,0,0,0,0,0,0,0,0,0,0,0,0,0,0,0,0,0,0,0,0,0,0,0,0,0,0,0,0,0,0,0,0,0,0,0,0,0,0,0,0,0,0,0,0,0,0,0,0,0,0,0,0,0,0,0,0,0,0,0,0,0,0,0,0,5,0,0,0,0,0,0,0,0,0,0,0,0,0,0,0,0,0,0,0,0,0,0,0,0,0,0,0,0,0,0,0,0,0,0,0,0,0,0,0,0,0,0,0,0,0,0,0,0,0,0,0,0,0,0,0,0,0,0,0,0,0,0,0,0,0,0,0,0,0,0,0,0,0,0,0,0,0,0,0,0,0,0,0,0,0,0,0,0,0,0,0,0,0,0,0,0,0,0,0,0,0,0,0,0,0,0,0,0,0,0,0,0,0,0,0,0,0,0,0,0,0,0,0,0,0,0,0,0,0,0,0,0,0,0,0,0,0,0,0,0,0,0,0,0,0,0,0,0,0,0,0,0,0,0,0,0,0,0,0,0,0,0,0,0,0,0,0,0,0,0,0,0,0,0,0,0,0,0,0,0,0,0,0,0,0,0,0,0,0,0,0,0,0,0,0,0,0,0,0,0,0,0,0,0,0,0,0,0,0,0,0,0,0,5,0,0,0,0,0,0,0,0,0,0,0,0,0,0,0,0,0,0,0,0,0,0,0,0,0,0,0,0,0,0,0,0,0,0,0,0,0,0,0,0,0,0,0,0,0,0,0,0,0,0,0,0,0,0,0,0,0,0,0,0,0,0,0,0,0,0,0,0,0,0,0,0,0,0,0,0,0,0,0,0,0,0,0,0,0,0,0,0,0,0,0,0,0,0,0,0,0,0,0,0,0,0,0,0,0,0,0,0,0,0,0,0,0,0,0,0,0,0,0,0,0,0,0,0,0,0,0,0,0,0,0,0,0,0,0,0,0,0,0,0,0,0,0,0,0,0,0,0,0,0,0,0,0,0,0,0,0,0,0,0,0,0,0,0,0,0,0,0,0,0,0,0,0,5,0,0,0,0,0,0,0,0,0,0,0,0,0,0,0,0,0,0,0,0,0,0,0,0,0,0,0,0,0,0,0,0,0,0,0,0,0,0,0,0,0,0,0,0,0,0,0,0,0,0,0,0,0,0,0,0,0,0,0,0,0,0,0,0,0,0,0,0,0,0,0,0,0,0,0,0,0,0,0,0,0,0,0,0,0,0,0,0,0,0,0,0,0,0,0,0,0,0,0,0,0,0,0,0,0,0,0,0,0,0,0,0,0,0,0,0,0,0,0,0,0,0,0,0,0,0,0,0,0,0,0,0,0,0,0,0,0,0,0,0,0,0,0,0,0,0,0,0,0,0,0,0,0,0,0,0,0,0,0,0,0,0,0,0,0,0,0,0,0,0,0,0,0,0,0,0,0,0,0,0,0,0,0,0,0,0,0,0,0,0,0,0,0,0,0,0,0,0,0,0,0,0,0,0,0,0,0,0,0,0,0,0,0,0,0,0,0,0,0,0,0,0,0,0,0,0,0,0,0,0,0,0,0,0,0,0,0,0,0,0,0,0,0,0,0,0,0,0,0,0,0,0,0,0,0,0,0,0,0,0,0,0,0,0,0,0,0,0,0,0,0,0,0,0,0,0,0,0,5,0,0,0,0,0,0,0,0,0,0,0,0,0,0,0,0,0,0,0,0,0,0,0,0,0,0,0,0,0,0,0,0,0,0,0,0,0,0,0,0,0,0,0,0,0,0,0,0,0,0,0,0,0,0,0,0,0,0,0,0,0,0,0,0,0,0,0,0,0,0,0,0,0,0,0,0,0,0,0,0,0,0,0,0,0,0,0,0,0,0,0,0,0,0,0,0,0,0,0,0,0,0,0,0,0,0,0,0,0,0,0,0,0,0,0,0,0,0,0,0,0,0,0,0,0,0,0,0,0,0,0,0,0,0,0,0,0,0,0,0,0,0,0,0,0,0,0,0,0,0,0,0,0,0,0,0,0,0,0,0,0,0,0,0,0,0,0,0,0,0,0,0,0,0,0,0,0,0,0,0,0,0,0,0,0,0,0,0,0,0,0,0,0,0,0,0,0,0,0,0,0,0,0,0,0,5,0,0,0,0,0,0,0,0,0,0,0,0,0,0,0,0,0,0,5,0,0,0,0,0,0,0,0,0,0,0,0,0,0,0,0,0,0,0,0,0,0,0,0,0,0,0,0,0,0,0,0,0,0,0,0,0,0,0,0,0,0,0,0,0,0,0,0,0,0,0,0,0,0,0,0,0,0,0,0,0,0,0,0,0,0,0,0,0,0,0,0,0,0,0,0,0,0,0,0,0,0,0,0,0,0,0,0,0,0,0,0,0,0,0,0,0,0,0,0,0,0,0,0,0,0,0,0,0,0,0,0,0,0,0,0,0,0,0,0,0,0,0,0,0,0,0,0,0,0,0,0,0,0,0,0,0,0,0,0,0,0,0,0,0,0,0,0,0,0,0,0,0,0,0,0,0,0,0,0,0,0,0,0,0,0,0,0,0,0,0,0,0,0,0,0,0,0,0,0,0,0,0,0,0,0,0,0,0,0,0,0,0,0,0,0,0,0,0,0,0,0,0,0,0,0,0,0,0,0,0,0,0,0,0,0,0,0,0,0,0,0,0,0,0,0,0,0,0,0,0,0,0,0,0,0,0,0,0,0,0,0,0,0,0,0,0,0,0,0,0,0,0,0,0,0,0,0,0,0,0,0,0,0,0,0,0,0,0,0,0,0,0,0,0,0,0,0,0,0,0,0,0,0,0,0,0,0,0,0,0,0,0,0,0,0,0,0,0,0,0,0,0,0,0,0,0,5,0,0,0,0,0,0,0,0,0,0,0,0,0,0,0,0,0,0,0,0,0,0,0,0,0,0,0,0,0,0,0,0,0,0,0,0,0,0,0,0,0,0,0,0,0,0,0,0,0,0,0,0,0,0,0,0,0,0,0,0,0,0,0,0,0,8,0,0,0,0,8,0,0,0,0,0,0,0,0,0,0,0,0,0,0,0,0,0,0,5,0,0,0,0,0,0,0,0,0,0,0,0,0,0,0,0,0,0,0,0,0,0,0,0,0,0,0,0,0,0,0,0,0,0,0,0,0,0,0,0,0,0,0,0,0,0,0,0,0,0,0,0,0,0,0,0,0,0,0,0,0,0,0,0,0,0,0,0,0,0,0,0,0,0,0,0,0,0,0,0,0,0,0,0,0,0,0,0,0,0,0,0,0,0,0,0,0,0,0]},{"height":60,"id":3,"name":"Objects","opacity":1,"type":"tilelayer","visible":true,"width":48,"x":0,"y":0,"data":[0,0,0,0,0,0,0,0,0,0,0,0,0,0,0,0,0,0,0,0,0,0,0,0,0,0,0,0,0,0,0,0,0,0,0,0,0,0,0,0,0,0,0,0,0,0,0,0,0,0,0,0,0,0,0,0,0,0,0,0,0,0,0,0,0,0,0,0,0,0,0,0,0,0,0,0,0,0,0,0,0,0,0,0,0,0,0,0,0,0,0,0,0,0,0,0,0,0,0,0,0,0,0,0,0,0,0,0,0,7,0,0,0,0,0,0,0,0,0,0,0,0,0,0,0,0,0,0,0,0,0,0,0,0,0,0,0,0,0,0,0,0,0,0,0,0,0,0,0,0,0,0,0,0,0,0,0,0,0,0,0,0,0,0,0,0,0,0,0,0,0,0,0,0,0,0,0,0,0,0,0,0,0,0,0,0,0,0,0,0,0,0,0,0,0,0,0,0,0,0,0,0,0,0,0,0,0,0,0,0,0,0,0,0,0,0,0,0,0,0,0,0,0,0,0,0,0,0,0,0,0,0,0,0,0,0,0,0,0,0,0,0,0,0,0,0,0,0,0,0,0,0,0,0,0,0,0,0,0,0,0,0,0,0,0,0,0,0,0,0,0,0,0,0,0,0,0,0,0,0,0,0,0,0,0,0,0,0,0,0,0,0,0,0,0,0,0,0,0,0,0,0,0,0,0,0,0,0,0,0,0,0,0,0,0,0,0,0,0,0,0,0,0,0,0,0,0,0,0,0,0,0,0,0,0,0,0,0,0,0,0,0,0,0,0,0,0,0,0,0,0,0,0,0,0,0,0,0,0,0,0,0,0,0,0,0,0,0,0,0,0,0,0,0,0,0,0,0,0,0,0,0,0,0,0,0,0,0,0,0,0,0,0,0,0,0,0,0,0,0,0,0,0,0,0,0,0,0,0,0,0,0,0,0,0,0,0,0,0,0,0,0,0,0,0,0,0,0,0,0,0,0,0,0,0,0,0,0,0,0,0,0,0,0,0,0,0,0,0,0,0,0,0,0,0,0,0,0,0,0,0,0,0,0,0,0,0,0,0,0,0,0,0,0,0,0,0,0,0,0,0,0,0,0,0,0,0,0,0,0,0,0,0,0,0,0,0,0,0,0,0,0,0,0,0,0,0,0,0,0,0,0,0,0,0,0,0,0,0,0,0,0,0,0,0,0,0,0,0,0,0,7,0,0,0,0,0,0,0,0,0,0,0,0,0,0,0,0,0,0,0,0,0,0,0,0,0,0,0,0,0,0,0,0,0,0,0,0,0,0,0,0,0,0,0,0,0,0,0,0,0,0,0,0,0,0,0,0,0,0,0,0,0,0,0,0,0,0,0,0,0,0,0,0,0,0,0,0,7,0,0,0,0,0,0,0,0,0,0,0,0,0,0,0,0,0,0,0,0,0,0,0,0,0,0,0,0,0,0,0,0,0,0,0,0,0,0,0,0,0,0,0,0,0,0,0,0,0,0,0,0,0,0,0,0,0,0,0,0,0,0,0,0,0,0,0,0,0,0,0,0,0,0,0,0,0,0,0,0,0,0,0,0,0,0,0,0,0,0,0,0,0,0,0,0,0,0,0,0,0,0,0,0,0,0,0,0,0,0,0,0,0,0,0,0,0,0,0,0,0,0,0,0,0,0,0,0,0,0,0,0,0,0,0,7,0,0,0,0,0,0,0,0,0,0,0,0,0,0,0,0,0,0,0,0,0,0,0,0,0,0,0,0,0,0,0,0,0,0,0,0,0,0,0,0,0,0,0,0,0,0,0,0,0,0,0,0,0,0,0,0,0,0,0,0,0,0,0,0,0,0,0,0,0,0,0,0,0,0,0,0,0,0,0,0,0,0,0,0,0,0,0,0,0,0,0,0,0,0,0,0,0,0,0,0,0,0,0,0,0,0,0,0,0,0,0,0,0,0,0,0,0,0,0,0,0,0,0,0,0,0,0,0,0,0,0,0,0,0,0,0,0,0,0,0,0,0,0,0,0,0,0,0,0,0,0,0,0,0,0,0,0,0,0,0,0,0,0,0,0,0,0,0,0,0,0,0,0,0,0,0,0,0,0,0,0,0,0,0,0,0,0,0,0,0,0,0,0,0,0,0,0,0,0,0,0,0,0,0,0,0,0,0,0,0,0,0,0,0,0,0,0,0,0,0,0,0,0,0,0,0,0,0,0,0,0,0,0,0,0,0,0,0,0,0,0,0,0,0,0,0,0,0,0,0,0,0,0,0,0,0,0,0,0,0,0,0,0,0,0,0,0,0,0,0,0,0,0,0,0,0,0,0,0,0,0,0,0,0,0,0,0,0,0,0,0,0,0,0,0,0,0,0,0,0,0,0,0,0,0,0,0,0,0,0,0,0,0,0,0,0,0,0,7,0,0,0,0,0,0,0,0,0,0,0,0,0,0,0,0,0,0,0,0,0,0,0,0,0,0,0,0,0,0,0,0,0,0,0,0,0,0,0,0,0,0,0,0,0,0,0,0,0,0,0,0,0,0,0,0,0,0,0,0,0,0,0,0,0,0,0,0,0,0,0,0,0,0,0,0,0,0,0,0,0,0,0,0,0,0,0,0,0,0,0,0,0,0,0,0,0,0,0,0,0,0,0,0,0,0,0,0,0,0,0,0,0,0,0,0,0,0,0,0,0,0,0,0,0,0,0,0,0,0,0,0,0,0,0,0,0,0,0,0,0,0,0,0,0,0,0,0,7,0,0,0,0,0,0,0,0,0,0,0,0,0,0,0,0,0,0,0,0,0,0,0,0,0,0,0,0,0,0,0,0,0,0,0,0,0,0,0,0,0,0,0,0,0,0,0,0,0,0,0,0,0,0,0,0,0,7,0,0,0,7,0,0,0,0,0,0,0,0,0,0,0,0,0,0,0,0,0,0,0,0,0,0,0,0,0,0,0,0,0,0,0,0,0,0,0,0,0,0,0,0,0,0,0,0,0,0,0,0,0,0,0,0,0,0,0,0,0,0,7,0,0,0,0,0,0,0,0,0,0,0,0,0,0,0,0,0,0,0,0,0,0,0,0,0,0,0,0,0,0,0,0,0,0,0,0,0,0,0,0,0,0,0,0,0,0,0,0,0,0,0,0,0,0,0,0,0,0,0,0,0,0,0,0,0,0,0,0,0,0,0,0,0,0,0,0,0,0,0,0,0,0,0,0,0,0,0,0,0,0,0,0,0,0,0,0,0,0,0,0,0,0,0,0,0,0,0,0,0,0,0,0,0,0,0,0,0,0,0,0,0,0,0,0,0,0,0,0,0,0,0,0,0,0,0,0,0,0,0,0,0,0,0,0,0,0,0,0,0,0,0,0,0,0,0,0,0,0,0,0,0,0,0,0,0,0,0,0,0,0,0,0,0,0,0,0,0,0,0,0,0,0,0,0,0,0,0,0,0,0,0,0,0,0,0,0,0,0,0,0,0,0,0,0,0,0,0,0,0,0,0,0,0,0,0,0,0,0,0,0,0,0,0,0,0,0,0,0,0,0,0,0,0,0,0,0,0,0,0,0,0,0,0,0,0,0,0,0,0,0,0,0,0,0,0,0,0,0,0,0,0,0,0,0,0,0,0,0,0,0,0,0,0,0,0,0,0,0,0,0,0,0,0,0,0,0,0,0,0,0,0,0,0,0,0,0,0,0,0,0,0,0,0,0,0,0,0,7,0,0,0,0,0,0,0,0,0,0,0,0,0,0,0,0,0,0,0,0,0,0,0,0,0,0,0,0,0,0,0,0,0,0,0,0,0,0,0,0,0,0,0,0,0,0,0,0,0,0,0,0,0,0,0,0,0,0,0,0,0,0,0,0,0,0,0,0,0,0,0,0,0,0,0,0,0,0,0,0,0,0,0,0,0,0,0,0,0,0,0,0,0,0,0,0,0,0,0,0,0,0,0,0,0,0,0,0,0,0,0,0,0,0,0,0,0,0,0,0,0,0,0,0,0,0,0,0,0,0,0,0,0,0,0,0,0,0,0,0,0,0,0,0,0,0,0,0,0,0,0,0,0,0,0,0,0,0,0,0,0,0,0,0,0,0,0,0,0,0,0,0,0,0,0,0,0,0,0,0,0,0,0,0,0,0,0,0,0,0,0,0,0,0,0,0,0,0,0,0,0,0,0,0,0,0,0,0,0,0,0,0,0,0,0,0,0,0,0,0,0,0,0,0,0,0,0,0,0,0,0,0,0,0,0,0,0,0,0,0,0,0,0,0,0,0,0,0,0,0,0,0,0,0,0,0,0,0,0,0,0,0,0,0,0,0,0,0,0,0,0,0,0,0,0,0,0,0,0,0,0,0,0,0,0,0,0,0,0,0,0,0,0,0,0,0,0,0,0,0,0,0,0,0,0,0,0,0,0,0,0,0,0,0,0,0,0,0,0,0,0,0,0,0,0,0,0,0,0,0,0,0,0,0,0,0,0,0,0,0,0,0,0,0,0,0,0,0,0,0,0,0,0,0,0,0,0,0,0,0,0,0,0,0,0,0,0,0,0,0,0,0,0,0,0,0,0,0,0,0,0,0,0,0,0,0,0,0,0,0,0,0,0,0,0,0,0,0,0,0,0,0,0,0,0,0,0,0,0,0,0,0,0,0,0,0,0,0,0,0,0,0,0,0,0,0,0,0,0,0,0,0,0,0,0,0,0,0,0,0,0,0,0,0,0,0,0,0,0,0,0,0,0,0,0,0,0,0,0,0,0,0,0,0,0,0,0,0,0,0,0,0,0,0,0,0,0,0,0,0,0,0,0,0,0,0,0,0,0,0,0,0,0,0,0,0,0,0,0,0,0,0,0,0,0,0,0,0,0,0,0,0,0,0,0,0,0,0,0,0,0,7,0,0,0,0,0,0,0,0,0,0,0,0,0,0,0,0,0,0,0,0,0,0,0,0,0,0,0,0,0,0,0,0,0,0,0,0,0,0,0,0,0,0,0,0,0,0,0,0,0,0,0,0,0,0,0,0,0,0,0,0,0,0,0,0,0,0,0,0,0,0,0,0,0,0,0,0,0,0,0,0,0,0,0,0,0,0,0,0,0,0,0,0,0,0,0,0,0,0,0,0,0,0,0,0,0,0,0,0,0,0,0,0,0,0,0,0,0,0,0,0,0,0,0,0,0,0,0,0,0,0,0,0,0,0,0,0,0,0,0,0,0,0,0,0,0,0,0,0,0,0,0,0,0,0,0,0,0,0,0,0,0,0,0,0,0,0,0,0,0,0,0,0,0,0,0,0,0,0,0,0,0,0,0,0,0,0,0,0,0,0,0,0,0,0,0,0,0,0,0,0,0,0,0,0,0,0,0,0,0,0,0,0,0,0,0,0,0,0,0,0,0,0,0,0,0,0,0,0,0,0,0,0,0,0,0,0,0,0,0,0,0,0,0,0,0,0,0,0,0,0,0,0,0,0,0,0,0,0,0,0,0,7,0,0,0,0,0,0,0,0,0,0,0,0,0,0,0,7,0,0,0,0,0,0,0,0,0,0,0,0,0,0,0,0,0,0,0,0,0,0,0,0,0,0,0,0,0,0,0,0,0,0,0,0,0,0,0,0,0,0,0,0,0,0,0,0,0,0,0,0,0,0,0,0,0,0,0,0,0,0,0,0,0,0,0,0,0,0,0,0,0,0,0,0,0,0,0,0,0,0,0,0,0,0,0,0,0,0,0,0,0,0,0,0,0,0,0,0,0,0,0,0,0,0,0,0,0,0,0,0,0,0,0,0,0,0,0,0,0,0,0,0,0,0,0,0,0,0,0,0,0,0,0,0,0,0,0,0,0,0,0,0,0,0,0,0,0,0,0,0,0,0,0,0,0,0,0,0,0,0,0,0,0,0,0,0,0,0,0,0,0,0,0,0,0,0,0,0,0,0,0,0,0,0,0,0,0,0,0,0,0,0,0,0,0,0,0,0,0,0,0,0,0,0,0,0,0,0,0,0,0,0,0,0,0,0,0,0,0,0,0,0,0,0,0,0,0,0,0,0,0,0,0,0,0,0,0,0,0,0,0,0,0,0,0,0,0,0,0,0,0,0,0,0,0,0,0,0,0,0,0,0,0,0,0,0,0,0,0,0,0,0,0,0,0,0,0,0,0,0,0,0,0,0,0,0,0,0,0,0,0,0,0,0,0,0,0,0,0,0,0,0,0,0,0,0,0,0,0,0,0,0,0,0,0,0,0,0,0,0,0,0,0,0,0,0,0,0,0,0,0,0,0,0,0,0,0,0,0,0,0,0,0,0,0,0,0,0,0,0,0,0,0,0,0,0,0,0,0,0,0,0,0,0,0,0,0,0,0,0,0,0,0,0,0,0,0,0,0,0,0,0,0,0,0,0,0,0,0,0,0,0,0,0,0,0,0,0,0,0,0,0,0,0,0,0,0,0,0,0,0,0,0,0,0,0,0,0,0,0,0,0,0,0,0,0,0,0,0,0,0,0,0,0,0,0]}],"tilesets":[{"firstgid":1,"source":"../../tiled/tileset.tsx"}]}]],0,0,[],[],[]],[[[10,".bin",216,1544430170,[{"primitives":[{"primitiveMode":7,"vertexBundelIndices":[0],"indexView":{"offset":192,"length":24,"count":6,"stride":4}}],"vertexBundles":[{"view":{"offset":0,"length":192,"count":4,"stride":48},"attributes":[{"name":"a_position","format":32,"isNormalized":false},{"name":"a_normal","format":32,"isNormalized":false},{"name":"a_texCoord","format":21,"isNormalized":false},{"name":"a_tangent","format":44,"isNormalized":false}]}]},"minPosition",8,[1,-6.199040569754288e-8,-0.6000000238418579,0],"maxPosition",8,[1,0.4800000488758087,2.223896400366243e-9,0]]]],0,0,[],[],[]],[[[25,"M_Floor_02",[{"metallic":0.4000000059604645,"roughness":0.30151134729385376}],[{"rasterizerState":{},"blendState":{"targets":[{}]},"depthStencilState":{}}],[{}]]],0,0,[0],[10],[8]],[[[27],[12,"S_Floor_48x60",[-2],[6,"37iaOSuHZRh4Tg2BmA3rKO",-1,0]],[13,"Floor_48x60.001",1,[[15,-3,[8,"96AJqFzTVZyIj7s0Zvmzza"],[0],[14],1]],[6,"5dJxARaFNQWZ/f+OemPZFt",1,0],[3,-0.7071068407911908,0,0,0.7071067215818992],[1,100,100,100],[1,-90.00000965934633,0,0]]],0,[0,0,1,0,-1,2,0,2,2,0,3,1,3],[0,0],[-1,4],[9,10]],[[[11,"P_Chest_D01"],[12,"P_Chest_D01",[-2],[6,"1c4shGoU9foJg2KmG1BnO2",-1,0]],[13,"Chest_D01.001",1,[[15,-3,[8,"97s/ENMoVR1qY9f7wtEFqQ"],[0],[14],1]],[6,"c1aqnzyhVUMpOnmAO8u87m",1,0],[3,-0.7071068407911908,0,0,0.7071067215818992],[1,100,100,100],[1,-90.00000965934633,0,0]]],0,[0,0,1,0,-1,2,0,2,2,0,3,1,3],[0,0],[-1,4],[2,11]],[[[11,"P_BackgroundFloorTop_D01"],[12,"P_BackgroundFloorTop_D01",[-2],[6,"4dMGS8ZsxcubZbtPgenQNb",-1,0]],[13,"BackgroundFloorTop_D01.001",1,[[15,-3,[8,"ade+0fn19aE7K6/6qEtLn/"],[0],[14],1]],[6,"38WIWiVKhZEJ67yX3pIHJa",1,0],[3,-0.7071067811865475,0,0,0.7071067811865476],[1,100,100,100],[1,-90,0,0]]],0,[0,0,1,0,-1,2,0,2,2,0,3,1,3],[0,0],[-1,4],[2,12]],[[[10,".bin",45120,103943175,[{"primitives":[{"primitiveMode":7,"vertexBundelIndices":[0],"indexView":{"offset":39456,"length":5664,"count":1416,"stride":4}}],"vertexBundles":[{"view":{"offset":0,"length":39456,"count":822,"stride":48},"attributes":[{"name":"a_position","format":32,"isNormalized":false},{"name":"a_normal","format":32,"isNormalized":false},{"name":"a_texCoord","format":21,"isNormalized":false},{"name":"a_tangent","format":44,"isNormalized":false}]}]},"minPosition",8,[1,-0.004999999888241291,-0.004999999888241291,0.000527451338712126],"maxPosition",8,[1,0.004999999888241291,0.004999999888241291,0.009999999776482582]]]],0,0,[],[],[]],[[[11,"P_BackgroundWall_D02"],[12,"P_BackgroundWall_D02",[-2],[6,"63pkKDEc9XdYxOKH8DC+Ib",-1,0]],[13,"BackgroundWall_D02.001",1,[[15,-3,[8,"ccZv8qNYhZ1pvP2GwnWAGd"],[0],[14],1]],[6,"4e6fJTuElfV6ESnJhp/jeI",1,0],[3,-0.7071067811865475,0,0,0.7071067811865476],[1,100,100,100],[1,-90,0,0]]],0,[0,0,1,0,-1,2,0,2,2,0,3,1,3],[0,0],[-1,4],[2,13]],[[[11,"P_Cube_D01"],[12,"P_Cube_D01",[-2],[6,"78Jrc9SyZWKLYF1Jh5rdK5",-1,0]],[13,"Cube_D01.002",1,[[15,-3,[8,"44g2z7gU1ZZ6G3s8V7IqSO"],[0],[14],1]],[6,"3faVuN9i5XbpZ9kUTWT07K",1,0],[3,-0.7071068407911908,0,0,0.7071067215818992],[1,100,100,100],[1,-90.00000965934633,0,0]]],0,[0,0,1,0,-1,2,0,2,2,0,3,1,3],[0,0],[-1,4],[2,14]],[[[10,".bin",34464,199965197,[{"primitives":[{"primitiveMode":7,"vertexBundelIndices":[0],"indexView":{"offset":23568,"length":10896,"count":2724,"stride":4}}],"vertexBundles":[{"view":{"offset":0,"length":23568,"count":491,"stride":48},"attributes":[{"name":"a_position","format":32,"isNormalized":false},{"name":"a_normal","format":32,"isNormalized":false},{"name":"a_texCoord","format":21,"isNormalized":false},{"name":"a_tangent","format":44,"isNormalized":false}]}]},"minPosition",8,[1,-0.0055650146678090096,-0.006109557114541531,-0.000317881116643548],"maxPosition",8,[1,0.006779478397220373,0.005519747268408537,0.009616445749998093]]]],0,0,[],[],[]],[[[11,"P_Barrel_D01"],[12,"P_Barrel_D01",[-2],[6,"90S0l+X/5Ss7Uj2T15PuO6",-1,0]],[13,"Barrel_D01.002",1,[[15,-3,[8,"e4xyDRSBtVBKW6h/qRJ3oK"],[0],[14],1]],[6,"91DNzVgBhesaX8xGtV8uLg",1,0],[3,-0.7071067811865475,0,0,0.7071067811865476],[1,100,100,100],[1,-90,0,0]]],0,[0,0,1,0,-1,2,0,2,2,0,3,1,3],[0,0],[-1,4],[2,15]],[[[10,".bin",32004,28462950,[{"primitives":[{"primitiveMode":7,"vertexBundelIndices":[0],"indexView":{"offset":28560,"length":3444,"count":861,"stride":4}}],"vertexBundles":[{"view":{"offset":0,"length":28560,"count":595,"stride":48},"attributes":[{"name":"a_position","format":32,"isNormalized":false},{"name":"a_normal","format":32,"isNormalized":false},{"name":"a_texCoord","format":21,"isNormalized":false},{"name":"a_tangent","format":44,"isNormalized":false}]}]},"minPosition",8,[1,-0.002462599193677306,-0.0023630023933947086,-0.0023315069265663624],"maxPosition",8,[1,0.04124439135193825,0.03999999910593033,0.0242751557379961]]]],0,0,[],[],[]],[[[10,".bin",30156,3366476028,[{"primitives":[{"primitiveMode":7,"vertexBundelIndices":[0],"indexView":{"offset":26736,"length":3420,"count":855,"stride":4}}],"vertexBundles":[{"view":{"offset":0,"length":26736,"count":557,"stride":48},"attributes":[{"name":"a_position","format":32,"isNormalized":false},{"name":"a_normal","format":32,"isNormalized":false},{"name":"a_texCoord","format":21,"isNormalized":false},{"name":"a_tangent","format":44,"isNormalized":false}]}]},"minPosition",8,[1,-0.002462599193677306,-0.0023630023933947086,-0.0023315069265663624],"maxPosition",8,[1,0.04124439135193825,0.03999999910593033,0.0242751557379961]]]],0,0,[],[],[]],[[[11,"P_TreasureChest_04"],[28,"P_TreasureChest_04",[-8,-9,-10],[[33,true,-2,[8,"bcGyRky0tAJ72wRvIZMvOb"],[1,0,0.5,0]],[34,0,2,-4,[8,"62p6hJj15AZamkyyQrs4N7"],-3,2],[35,-5,[8,"d5b2ni/J9JOKvEOh9UA/pr"],[3,4,5,6]],[36,-6,[8,"48WK79dMpDJJHz2jqqFdse"],7],[37,8,2,-7,[8,"a6hPhZnWdP34iKnqSrRFSH"]]],[6,"e2XpETB5RHm4NXJybXTWW4",-1,0]],[1,["f2A6WkrZ1NvKsFeSCT6rFu"]],[1,["1c4shGoU9foJg2KmG1BnO2"]],[29,"UITrack",1,[6,"03VuBUiTJIGIuqYZzlqOHU",1,0],[1,0,0,0.75]],[5,1,[3,"f2A6WkrZ1NvKsFeSCT6rFu",-11,[23,"bbiB9bh+hIsrCX2swt4uIg",1,[[2,"P_ChestGlow",["_name"],2],[0,["_lpos"],2,[1,0,0.05,0]],[0,["_lrot"],2,[3,0,0,0,1]]]],0]],[5,1,[3,"1c4shGoU9foJg2KmG1BnO2",-12,[23,"8cajdmSrBIp5cJ343EW+m3",1,[[2,"P_Chest_D01",["_name"],3],[0,["_lpos"],3,[1,0,0,0]],[0,["_lrot"],3,[3,0,0,0,1]]]],1]]],0,[0,0,1,0,2,1,0,12,4,0,2,1,0,2,1,0,2,1,0,2,1,0,-1,4,0,-2,5,0,-3,6,0,0,5,0,0,6,0,3,1,12],[0,0,0,0,0,0,0,0],[1,1,13,-1,-2,-3,-4,14],[16,17,18,19,20,21,22,23]],[[[11,"P_Plants_D01"],[12,"P_Plants_D01",[-2],[6,"dcL1bGnxJXMYNr3F4U2uTf",-1,0]],[13,"Plants_D01.007",1,[[32,0,-3,[8,"d7BYZbpyVdYYJromCZgmAp"],[0],[14],1]],[6,"8aeBjSLNZTzZtEcvSEFzIy",1,0],[3,-0.7071067811865475,0,0,0.7071067811865476],[1,100,100,100],[1,-90,0,0]]],0,[0,0,1,0,-1,2,0,2,2,0,3,1,3],[0,0],[-1,4],[2,24]],[[[11,"P_BackgroundWall_D01"],[12,"P_BackgroundWall_D01",[-2],[6,"f03IMddc5b3bN3sLcAlWZc",-1,0]],[13,"BackgroundWall_D01.001",1,[[15,-3,[8,"70+dU5vrxYcbnY7I825+nZ"],[0],[14],1]],[6,"02PrqP8cxbw4H9qF11UOaJ",1,0],[3,-0.7071067811865475,0,0,0.7071067811865476],[1,100,100,100],[1,-90,0,0]]],0,[0,0,1,0,-1,2,0,2,2,0,3,1,3],[0,0],[-1,4],[2,25]],[[[10,".bin",41600,214710827,[{"primitives":[{"primitiveMode":7,"vertexBundelIndices":[0],"indexView":{"offset":37520,"length":4080,"count":1020,"stride":4}}],"vertexBundles":[{"view":{"offset":0,"length":37520,"count":670,"stride":56},"attributes":[{"name":"a_position","format":32,"isNormalized":false},{"name":"a_normal","format":32,"isNormalized":false},{"name":"a_texCoord","format":21,"isNormalized":false},{"name":"a_tangent","format":44,"isNormalized":false},{"name":"a_texCoord1","format":21,"isNormalized":false}]}]},"minPosition",8,[1,-0.005261716898530722,-0.005261710844933987,-0.00017662107711657882],"maxPosition",8,[1,0.005261709913611412,0.005261716432869434,0.010395717807114124]]]],0,0,[],[],[]],[[[10,".bin",61080,22126435,[{"primitives":[{"primitiveMode":7,"vertexBundelIndices":[0],"indexView":{"offset":54576,"length":6504,"count":1626,"stride":4}}],"vertexBundles":[{"view":{"offset":0,"length":54576,"count":1137,"stride":48},"attributes":[{"name":"a_position","format":32,"isNormalized":false},{"name":"a_normal","format":32,"isNormalized":false},{"name":"a_texCoord","format":21,"isNormalized":false},{"name":"a_tangent","format":44,"isNormalized":false}]}]},"minPosition",8,[1,-0.004527755547314882,-0.004847305361181498,0],"maxPosition",8,[1,0.004527765326201916,0.005290542729198933,0.00799737498164177]]]],0,0,[],[],[]],[[[11,"P_BackgroundWallCornerInside_D01"],[12,"P_BackgroundWallCornerInside_D01",[-2],[6,"8011amTNRXWZttbjbFalbb",-1,0]],[13,"BackgroundWallCornerInside_D01.001",1,[[15,-3,[8,"9eTfvDrfZYjq7rktuzyVeA"],[0],[14],1]],[6,"2fZXxUOk9W6bmokkT1I5KN",1,0],[3,-0.7071067811865475,0,0,0.7071067811865476],[1,100,100,100],[1,-90,0,0]]],0,[0,0,1,0,-1,2,0,2,2,0,3,1,3],[0,0],[-1,4],[2,26]],[[[21,[{"rasterizerState":{},"depthStencilState":{},"blendState":{"targets":[{}]}}],[{"USE_INSTANCING":true,"USE_TEXTURE":true}],[[[{},"mainTexture",6,0]],11]]],0,0,[0,0],[11,10],[27,5]],[[[11,"P_Cube_D03"],[12,"P_Cube_D03",[-2],[6,"4e/hPFZhtZ16kC4gA4Shtw",-1,0]],[13,"Cube_D03.003",1,[[15,-3,[8,"dfEWzvvZxeGpIj8gQYSmNQ"],[0],[14],1]],[6,"baO6Z34ttWLLHNU/503J6R",1,0],[3,-0.7071067811865475,0,0,0.7071067811865476],[1,100,100,100],[1,-90,0,0]]],0,[0,0,1,0,-1,2,0,2,2,0,3,1,3],[0,0],[-1,4],[2,28]],[[[10,".bin",16704,2463044444,[{"primitives":[{"primitiveMode":7,"vertexBundelIndices":[0],"indexView":{"offset":13920,"length":2784,"count":696,"stride":4}}],"vertexBundles":[{"view":{"offset":0,"length":13920,"count":290,"stride":48},"attributes":[{"name":"a_position","format":32,"isNormalized":false},{"name":"a_normal","format":32,"isNormalized":false},{"name":"a_texCoord","format":21,"isNormalized":false},{"name":"a_tangent","format":44,"isNormalized":false}]}]},"minPosition",8,[1,-0.004657776560634375,-0.004281294532120228,-0.00012836046516895294],"maxPosition",8,[1,0.004657776560634375,0.004224440082907677,0.009999999776482582]]]],0,0,[],[],[]],[[[39,"Level_03"],[30,"BackgroundArt","b3kv4RTXxLc635rPK1UUHX",[-1,-2,-3,-4,-5,-6,-7,-8,-9,-10,-11,-12,-13,-14,-15,-16,-17,-18,-19,-20,-21,-22,-23,-24,-25,-26,-27,-28,-29,-30,-31,-32,-33,-34,-35,-36,-37,-38,-39,-40,-41,-42,-43,-44,-45,-46,-47,-48,-49,-50,-51,-52,-53,-54,-55,-56,-57,-58,-59,-60,-61,-62,-63,-64]],[40,"Level_03",[[[19,"----Managers----","9f9spVRaVN6qPnFTCgRtnB",-81],-82,-83,-84,-85,-86,-87,-88,-89,-90,-91,-92,[19,"----Gameplay----","6bFwMocp1GQp0XY3RgY8lC",-93],-94,[19,"----Scenary----","9fWfc2ev9CDrF32FSCEEE8",-95],-96,1],4,1,1,1,1,1,1,1,1,1,1,1,4,1,4,1,1],[31,[[17,["sideTop"],-66,[1,["a9eD/PbGJPN45uY6f4Lep2"]],-65,[1,["71u1Qh16RMc4LmvkPjD9CM"]]],[17,["sideBottom"],-68,[1,["a9eD/PbGJPN45uY6f4Lep2"]],-67,[1,["231q1q/G5Fw4nTwbArKp5N"]]],[17,["sideRight"],-70,[1,["a9eD/PbGJPN45uY6f4Lep2"]],-69,[1,["a6UiWqbS9OdI4Lf1Sjfa80"]]],[17,["sideLeft"],-72,[1,["a9eD/PbGJPN45uY6f4Lep2"]],-71,[1,["86XpugL1NHSohX+E1A4T8N"]]],[17,["cornerTopRight"],-74,[1,["a9eD/PbGJPN45uY6f4Lep2"]],-73,[1,["6b7Z0ZTRhFXLDfsWivnX+r"]]],[17,["cornerTopLeft"],-76,[1,["a9eD/PbGJPN45uY6f4Lep2"]],-75,[1,["b38qJn8SFEwp45NsfKluHN"]]],[17,["cornerBottomRight"],-78,[1,["a9eD/PbGJPN45uY6f4Lep2"]],-77,[1,["d4khdW8sNM3IlPTt0aZYB3"]]],[17,["cornerBottomLeft"],-80,[1,["a9eD/PbGJPN45uY6f4Lep2"]],-79,[1,["3fhUCwG0pLNr/oxX05ExAD"]]]]],[41,[42],[43,[4,4283190348]],[44],[45]]],[9,"a6+SOWt3BAo4BOigjwgq1B",2,[3,"449LfFj5NPuJYMmnfynI2L",-103,[4,"69sw3SPBNMd5aBWMjKmz3S",[[2,"P_ShrinkingAreaManager",["_name"],-97],[0,["_lpos"],-98,[1,-110,0,0]],[0,["_lrot"],-99,[3,0,0,0,1]],[2,"P_ShrinkingAreaManager",["_name"],-100],[0,["_lpos"],-101,[1,-150,0,250]],[0,["_lrot"],-102,[3,0,0,0,1]],[16,0.45,["speedY"],[1,["a9eD/PbGJPN45uY6f4Lep2"]]]]],1]],[1,["3dd+sfuLtGsbovWCYZMwPa"]],[1,["41eu4WuFBMfahj2Yxzg+lz"]],[1,["96gXpUgBJNaYq+Tf3gunn7"]],[1,["e7jy/TL8JHB50nbM8EuNGd"]],[1,["f96WuWHFZIJ729S9HYGv2p"]],[1,["c5erGP2HNFl7DM+NEPZ70Q"]],[1,["4dMGS8ZsxcubZbtPgenQNb"]],[1,["4dMGS8ZsxcubZbtPgenQNb"]],[1,["4dMGS8ZsxcubZbtPgenQNb"]],[1,["32osRaHTtE04UPs63Kd2P2"]],[1,["8011amTNRXWZttbjbFalbb"]],[1,["8011amTNRXWZttbjbFalbb"]],[1,["8011amTNRXWZttbjbFalbb"]],[1,["63pkKDEc9XdYxOKH8DC+Ib"]],[1,["f03IMddc5b3bN3sLcAlWZc"]],[1,["f03IMddc5b3bN3sLcAlWZc"]],[1,["63pkKDEc9XdYxOKH8DC+Ib"]],[1,["f03IMddc5b3bN3sLcAlWZc"]],[1,["f03IMddc5b3bN3sLcAlWZc"]],[1,["63pkKDEc9XdYxOKH8DC+Ib"]],[1,["63pkKDEc9XdYxOKH8DC+Ib"]],[1,["f03IMddc5b3bN3sLcAlWZc"]],[1,["f03IMddc5b3bN3sLcAlWZc"]],[1,["f03IMddc5b3bN3sLcAlWZc"]],[1,["f03IMddc5b3bN3sLcAlWZc"]],[1,["63pkKDEc9XdYxOKH8DC+Ib"]],[1,["63pkKDEc9XdYxOKH8DC+Ib"]],[1,["63pkKDEc9XdYxOKH8DC+Ib"]],[1,["63pkKDEc9XdYxOKH8DC+Ib"]],[1,["63pkKDEc9XdYxOKH8DC+Ib"]],[1,["63pkKDEc9XdYxOKH8DC+Ib"]],[1,["63pkKDEc9XdYxOKH8DC+Ib"]],[1,["f03IMddc5b3bN3sLcAlWZc"]],[1,["f03IMddc5b3bN3sLcAlWZc"]],[1,["f03IMddc5b3bN3sLcAlWZc"]],[1,["f03IMddc5b3bN3sLcAlWZc"]],[1,["f03IMddc5b3bN3sLcAlWZc"]],[1,["f03IMddc5b3bN3sLcAlWZc"]],[1,["f03IMddc5b3bN3sLcAlWZc"]],[1,["63pkKDEc9XdYxOKH8DC+Ib"]],[1,["63pkKDEc9XdYxOKH8DC+Ib"]],[1,["63pkKDEc9XdYxOKH8DC+Ib"]],[1,["63pkKDEc9XdYxOKH8DC+Ib"]],[1,["63pkKDEc9XdYxOKH8DC+Ib"]],[1,["f03IMddc5b3bN3sLcAlWZc"]],[1,["f03IMddc5b3bN3sLcAlWZc"]],[1,["f03IMddc5b3bN3sLcAlWZc"]],[1,["f03IMddc5b3bN3sLcAlWZc"]],[1,["63pkKDEc9XdYxOKH8DC+Ib"]],[1,["63pkKDEc9XdYxOKH8DC+Ib"]],[1,["63pkKDEc9XdYxOKH8DC+Ib"]],[1,["63pkKDEc9XdYxOKH8DC+Ib"]],[1,["63pkKDEc9XdYxOKH8DC+Ib"]],[1,["63pkKDEc9XdYxOKH8DC+Ib"]],[1,["63pkKDEc9XdYxOKH8DC+Ib"]],[1,["4dMGS8ZsxcubZbtPgenQNb"]],[1,["f03IMddc5b3bN3sLcAlWZc"]],[1,["f03IMddc5b3bN3sLcAlWZc"]],[1,["63pkKDEc9XdYxOKH8DC+Ib"]],[1,["63pkKDEc9XdYxOKH8DC+Ib"]],[1,["c8scAnR8dH64oVklRAHcSg"]],[1,["7bhADGCfNJN4zbsjOukZ5F"]],[1,["449LfFj5NPuJYMmnfynI2L"]],[1,["bd17iBsWZB+4qDM6bBVUCk"]],[1,["38MOELpdhKH6Zbq1RKN6nk"]],[1,["f03IMddc5b3bN3sLcAlWZc"]],[1,["63pkKDEc9XdYxOKH8DC+Ib"]],[1,["63pkKDEc9XdYxOKH8DC+Ib"]],[1,["63pkKDEc9XdYxOKH8DC+Ib"]],[1,["63pkKDEc9XdYxOKH8DC+Ib"]],[1,["63pkKDEc9XdYxOKH8DC+Ib"]],[1,["63pkKDEc9XdYxOKH8DC+Ib"]],[1,["37iaOSuHZRh4Tg2BmA3rKO"]],[9,"dauC+dslpDJ5Xt6tfzRGUX",2,[3,"c8scAnR8dH64oVklRAHcSg",-104,[4,"f5son9vlNI7qEcyoMx8gZs",[[2,"P_CharacterModelManager",["_name"],64],[0,["_lpos"],64,[1,0,0,0]],[0,["_lrot"],64,[3,0,0,0,1]]]],0]],[22,"GameSnacks-MatchEvents","f9UaJaRjxLNovkIQd8m19M",2,[[46,-105]]],[9,"31P5RnRUBCN5iPH6IRtDHB",2,[3,"32osRaHTtE04UPs63Kd2P2",-106,[4,"12VNjhFs9NuL/N84YCqSTE",[[16,"P_MaterialsLoader",["name"],[1,["32osRaHTtE04UPs63Kd2P2"]]],[7,["position"],[1,["32osRaHTtE04UPs63Kd2P2"]],[1,-38.416,0,0]],[0,["rotation"],13,[3,0,0,0,1]],[2,"P_MaterialsLoader",["_name"],13],[0,["_lpos"],13,[1,-38.416,0,0]],[0,["_lrot"],13,[3,0,0,0,1]]]],2]],[9,"e27okckI9DXLQsv0G/+ew4",2,[3,"3dd+sfuLtGsbovWCYZMwPa",-107,[4,"7fbK0arwxGpbM0Yp6otGNJ",[[2,"WeaponPickupManager",["name"],4],[0,["position"],4,[1,0,0,0]],[0,["rotation"],4,[3,0,0,0,1]],[2,"WeaponPickupManager",["_name"],4],[0,["_lpos"],4,[1,0,0,0]],[0,["_lrot"],4,[3,0,0,0,1]]]],3]],[9,"bd0Pyk53lIhYMhE0EMsGlP",2,[3,"41eu4WuFBMfahj2Yxzg+lz",-108,[4,"8dSWu5YBBLhZnwuox0ZpRe",[[2,"PanelsManager",["name"],5],[0,["position"],5,[1,0,0,0]],[0,["rotation"],5,[3,0,0,0,1]],[2,"PanelsManager",["_name"],5],[0,["_lpos"],5,[1,0,0,0]],[0,["_lrot"],5,[3,0,0,0,1]]]],4]],[9,"92gYIc5GJBzJzQNqrNbHQq",2,[3,"96gXpUgBJNaYq+Tf3gunn7",-109,[4,"28ETdxVOFJ24AOg9J81Fo/",[[2,"BulletPools",["name"],6],[0,["position"],6,[1,0,0,0]],[0,["rotation"],6,[3,0,0,0,1]],[2,"BulletPools",["_name"],6],[0,["_lpos"],6,[1,0,0,0]],[0,["_lrot"],6,[3,0,0,0,1]]]],5]],[9,"90KbfdSwBMyY+MQLPLOO8X",2,[3,"bd17iBsWZB+4qDM6bBVUCk",-110,[4,"98pG8AS11JF6e2utPpPND6",[[2,"P_EnemyManager",["_name"],67],[0,["_lpos"],67,[1,0,0,0]],[0,["_lrot"],67,[3,0,0,0,1]],[24,["mapJson"],[1,["51d/2aT1ZFNaew7JMgVzSq"]],7],[16,1,["mapImportScaleFactor"],[1,["9a+OYI7DVFO7Ep1Gyapj+Q"]]],[16,14,["quantity"],[1,["54UiJMaslB2IbU8x8LTT6i"]]]]],6]],[9,"99A8xL22lFu6oHlmN26qOG",2,[3,"e7jy/TL8JHB50nbM8EuNGd",-111,[4,"cfbPQAgadGr6e7RC6ldCJ/",[[2,"MapSpawner",["name"],7],[0,["position"],7,[1,0,0,0]],[0,["rotation"],7,[3,0,0,0,1]],[2,"MapSpawner",["_name"],7],[0,["_lpos"],7,[1,0,0,0]],[0,["_lrot"],7,[3,0,0,0,1]],[18,["prefabs","4"],8,9],[18,["prefabs","3"],8,10],[18,["prefabs","1"],8,11],[18,["prefabs","7"],8,12],[18,["mapJson"],8,13],[18,["prefabs","2"],8,14]]],8]],[9,"357BWfZOBMLY25M/m/brYJ",2,[3,"38MOELpdhKH6Zbq1RKN6nk",-112,[4,"89syBLNz1AArfXb8ASkYDK",[[2,"P_MatchController",["_name"],68],[0,["_lpos"],68,[1,0,0,0]],[0,["_lrot"],68,[3,0,0,0,1]]]],15]],[9,"57hdGcgddDIYUnueDNgWs7",2,[3,"52aqJ12IVNgLI43LMptHWT",-113,[20,"3eebma8kFLI4GIqWgkjm3y",null,[[16,"P_MatchUIContainer",["_name"],[1,["52aqJ12IVNgLI43LMptHWT"]]],[7,["_lpos"],[1,["52aqJ12IVNgLI43LMptHWT"]],[1,0,0,0]],[7,["_lrot"],[1,["52aqJ12IVNgLI43LMptHWT"]],[3,0,0,0,1]],[7,["_lpos"],[1,["7daj9CpXNJtaooMgAXF5bc","30Z6MuT39F8LFwwog22ebO"]],[1,207,448,0]],[7,["_lpos"],[1,["30MOD3fX1Lmrc+Hq71ln2B"]],[1,207,448,1000]],[7,["_lpos"],[1,["d9L/FTQRtMGJZOpDrCxz/9","bdaQ7E5/hIXL/vLaerRKGr"]],[1,207,448,0]],[7,["_lpos"],[1,["ffIsb9q9pIE7QkWubOXskw","29PBV4RGFIn751JF0vli3v"]],[1,207,448,0]],[7,["_lpos"],[1,["7daj9CpXNJtaooMgAXF5bc","deB9cTVVlGKIaTSRc2ubyb","98Ce4jsB5Jvqf4XcLsLFMw"]],[1,-200,0,0]],[7,["_lpos"],[1,["7daj9CpXNJtaooMgAXF5bc","f7tWZht4FK676kB2P1sEvC","b6OvzxbShBvpNmSQv/mHdF"]],[1,0,-165.41250000000002,0]],[7,["_lpos"],[1,["d9L/FTQRtMGJZOpDrCxz/9","a1RVs79e1PsILJPg//vzG1","44qPog+rFOHb7K9SGz/ALF"]],[1,62,-39.802499999999995,0]],[7,["_lpos"],[1,["ffIsb9q9pIE7QkWubOXskw","a8+JfY08lMiZ1YUbWcw+qk"]],[1,0,67,0]],[7,["_lpos"],[1,["ffIsb9q9pIE7QkWubOXskw","d5S8Z+rNJKb7QCJYNZQ9Bw"]],[1,-32.230000000000004,17.6,0]]]],16]],[9,"56YDb0qTlEy5JKa2dW6zrD",2,[3,"c5erGP2HNFl7DM+NEPZ70Q",-114,[4,"c1N0hMW4RNZrXxbYu1JXh5",[[2,"Main Camera",["name"],9],[0,["position"],9,[1,0,30,20]],[0,["rotation"],9,[3,-0.47715876025960846,0,0,0.8788171126619654]],[2,"Main Camera",["_name"],9],[0,["_lpos"],9,[1,0,30,20]],[0,["_lrot"],9,[3,-0.47715876025960846,0,0,0.8788171126619654]]]],17]],[22,"----Cheats----","desrZb+OFPUpzpxdTWRzbU",2,[[47,-115]]],[5,1,[3,"8011amTNRXWZttbjbFalbb",-116,[4,"6ecTbYLmZEY7eX962d1gIL",[[2,"P_BackgroundWallCornerInside_D01",["_name"],14],[0,["_lpos"],14,[1,47.5,0,59.5]],[0,["_lrot"],14,[3,0,-0.7071067811865475,0,0.7071067811865476]],[0,["_euler"],14,[1,0,-89.99999999999999,0]]]],18]],[5,1,[3,"8011amTNRXWZttbjbFalbb",-117,[4,"ad0AvRqLtBaJ8B/U1KJkh+",[[2,"P_BackgroundWallCornerInside_D02",["_name"],15],[0,["_lpos"],15,[1,-0.5,0,59.5]],[0,["_lrot"],15,[3,0,1,0,6.123233995736766e-17]],[0,["_euler"],15,[1,0,180,0]]]],19]],[5,1,[3,"8011amTNRXWZttbjbFalbb",-118,[4,"89kzvkiT5GKIY6yLLrTwml",[[2,"P_BackgroundWallCornerInside_D03",["_name"],16],[0,["_lpos"],16,[1,-0.5,0,-0.5]],[0,["_lrot"],16,[3,0,0.7071067811865476,0,0.7071067811865475]],[0,["_euler"],16,[1,0,90.00000000000003,0]]]],20]],[5,1,[3,"8011amTNRXWZttbjbFalbb",-119,[20,"e9CaQv1+VBV6N5jOnS039L",null,[[16,"P_BackgroundWallCornerInside_D04",["_name"],[1,["8011amTNRXWZttbjbFalbb"]]],[7,["_lpos"],[1,["8011amTNRXWZttbjbFalbb"]],[1,47.5,0,-0.5]],[7,["_lrot"],[1,["8011amTNRXWZttbjbFalbb"]],[3,0,0,0,1]],[7,["_euler"],[1,["8011amTNRXWZttbjbFalbb"]],[1,0,0,0]]]],21]],[5,1,[3,"f03IMddc5b3bN3sLcAlWZc",-120,[38,"79M9IvL3JEG64wxInCZVTm",[[2,"P_BackgroundWall_D01",["_name"],69],[0,["_lpos"],69,[1,43.5,0,-0.5]],[0,["_lrot"],69,[3,0,0,0,1]]],[[1,["70+dU5vrxYcbnY7I825+nZ"]]]],22]],[5,1,[3,"63pkKDEc9XdYxOKH8DC+Ib",-121,[4,"61YiqXjH9KEZn8RYvaKOEH",[[2,"P_BackgroundWall_D03",["_name"],17],[0,["_lpos"],17,[1,47.5,0,-0.5]],[0,["_lrot"],17,[3,0,-0.7071067811865475,0,0.7071067811865476]],[0,["_euler"],17,[1,0,-89.99999999999999,0]]]],23]],[5,1,[3,"f03IMddc5b3bN3sLcAlWZc",-122,[4,"88popFm2ZAvozQKtWKzQmk",[[2,"P_BackgroundWall_D04",["_name"],18],[0,["_lpos"],18,[1,47.5,0,3.5]],[0,["_lrot"],18,[3,0,-0.7071067811865475,0,0.7071067811865476]],[0,["_euler"],18,[1,0,-89.99999999999999,0]]]],24]],[5,1,[3,"63pkKDEc9XdYxOKH8DC+Ib",-123,[4,"94Q3gPoNNDRaNlSQTe7RAj",[[2,"P_BackgroundWall_D05",["_name"],70],[0,["_lpos"],70,[1,3.5,0,-0.5]],[0,["_lrot"],70,[3,0,0,0,1]]]],25]],[5,1,[3,"f03IMddc5b3bN3sLcAlWZc",-124,[4,"92voy9FQhGupUd/crbO0It",[[2,"P_BackgroundWall_D06",["_name"],19],[0,["_lpos"],19,[1,-0.5,0,-0.5]],[0,["_lrot"],19,[3,0,0,0,1]],[0,["_euler"],19,[1,0,0,0]]]],26]],[5,1,[3,"63pkKDEc9XdYxOKH8DC+Ib",-125,[4,"48Uc/ljSlG9YykPyy7gId8",[[2,"P_BackgroundWall_D07",["_name"],20],[0,["_lpos"],20,[1,-0.5,0,3.5]],[0,["_lrot"],20,[3,0,0.7071067811865475,0,0.7071067811865476]],[0,["_euler"],20,[1,0,89.99999999999999,0]]]],27]],[5,1,[3,"f03IMddc5b3bN3sLcAlWZc",-126,[4,"2e0pcRzv9Pt7lufGpJr6P5",[[2,"P_BackgroundWall_D08",["_name"],21],[0,["_lpos"],21,[1,-0.5,0,7.5]],[0,["_lrot"],21,[3,0,0.7071067811865475,0,0.7071067811865476]],[0,["_euler"],21,[1,0,89.99999999999999,0]]]],28]],[5,1,[3,"f03IMddc5b3bN3sLcAlWZc",-127,[4,"9a7pADjEROi73VRqcwqqeL",[[2,"P_BackgroundWall_D10",["_name"],22],[0,["_lpos"],22,[1,47.5,0,59.5]],[0,["_lrot"],22,[3,0,1,0,6.123233995736766e-17]],[0,["_euler"],22,[1,0,180,0]]]],29]],[5,1,[3,"63pkKDEc9XdYxOKH8DC+Ib",-128,[4,"638qRuUChB/pYiKctAOduK",[[2,"P_BackgroundWall_D11",["_name"],23],[0,["_lpos"],23,[1,47.5,0,55.5]],[0,["_lrot"],23,[3,0,-0.7071067811865475,0,0.7071067811865476]],[0,["_euler"],23,[1,0,-89.99999999999999,0]]]],30]],[5,1,[3,"63pkKDEc9XdYxOKH8DC+Ib",-129,[4,"99qxnCF2hHKZC8GObYy1LK",[[2,"P_BackgroundWall_D12",["_name"],24],[0,["_lpos"],24,[1,47.5,0,43.5]],[0,["_lrot"],24,[3,0,-0.7071067811865475,0,0.7071067811865476]],[0,["_euler"],24,[1,0,-89.99999999999999,0]]]],31]],[5,1,[3,"f03IMddc5b3bN3sLcAlWZc",-130,[4,"165SiuNEhCE6il9CGRBplX",[[2,"P_BackgroundWall_D13",["_name"],25],[0,["_lpos"],25,[1,-0.5,0,19.5]],[0,["_lrot"],25,[3,0,0.7071067811865475,0,0.7071067811865476]],[0,["_euler"],25,[1,0,89.99999999999999,0]]]],32]],[5,1,[3,"f03IMddc5b3bN3sLcAlWZc",-131,[4,"5a/d25O5JMWIhTPAblGukk",[[2,"P_BackgroundWall_D14",["_name"],26],[0,["_lpos"],26,[1,-0.5,0,27.5]],[0,["_lrot"],26,[3,0,0.7071067811865475,0,0.7071067811865476]],[0,["_euler"],26,[1,0,89.99999999999999,0]]]],33]],[5,1,[3,"f03IMddc5b3bN3sLcAlWZc",-132,[4,"72q5N5TCZFgq9Nb8LUDZGp",[[2,"P_BackgroundWall_D15",["_name"],27],[0,["_lpos"],27,[1,-0.5,0,39.5]],[0,["_lrot"],27,[3,0,0.7071067811865475,0,0.7071067811865476]],[0,["_euler"],27,[1,0,89.99999999999999,0]]]],34]],[5,1,[3,"f03IMddc5b3bN3sLcAlWZc",-133,[4,"deUdyCQZdBl74ZkrWbK7Ex",[[2,"P_BackgroundWall_D16",["_name"],28],[0,["_lpos"],28,[1,-0.5,0,51.5]],[0,["_lrot"],28,[3,0,0.7071067811865475,0,0.7071067811865476]],[0,["_euler"],28,[1,0,89.99999999999999,0]]]],35]],[5,1,[3,"63pkKDEc9XdYxOKH8DC+Ib",-134,[4,"b6v2rFl/JPmI8Vpg2n3Vsd",[[2,"P_BackgroundWall_D17",["_name"],29],[0,["_lpos"],29,[1,-0.5,0,15.5]],[0,["_lrot"],29,[3,0,0.7071067811865475,0,0.7071067811865476]],[0,["_euler"],29,[1,0,89.99999999999999,0]]]],36]],[5,1,[3,"63pkKDEc9XdYxOKH8DC+Ib",-135,[4,"a00R9pDT9Nc60ozhaGsVcn",[[2,"P_BackgroundWall_D18",["_name"],30],[0,["_lpos"],30,[1,-0.5,0,11.5]],[0,["_lrot"],30,[3,0,0.7071067811865475,0,0.7071067811865476]],[0,["_euler"],30,[1,0,89.99999999999999,0]]]],37]],[5,1,[3,"63pkKDEc9XdYxOKH8DC+Ib",-136,[4,"83uLnAJqlAjIsl3tTrFYui",[[2,"P_BackgroundWall_D19",["_name"],31],[0,["_lpos"],31,[1,-0.5,0,23.5]],[0,["_lrot"],31,[3,0,0.7071067811865475,0,0.7071067811865476]],[0,["_euler"],31,[1,0,89.99999999999999,0]]]],38]],[5,1,[3,"63pkKDEc9XdYxOKH8DC+Ib",-137,[4,"9fKBz23HtKPbL/G6BUa49d",[[2,"P_BackgroundWall_D20",["_name"],32],[0,["_lpos"],32,[1,-0.5,0,31.5]],[0,["_lrot"],32,[3,0,0.7071067811865475,0,0.7071067811865476]],[0,["_euler"],32,[1,0,89.99999999999999,0]]]],39]],[5,1,[3,"63pkKDEc9XdYxOKH8DC+Ib",-138,[4,"d62vbOlqRMLrQvkZcreUTI",[[2,"P_BackgroundWall_D21",["_name"],33],[0,["_lpos"],33,[1,-0.5,0,35.5]],[0,["_lrot"],33,[3,0,0.7071067811865475,0,0.7071067811865476]],[0,["_euler"],33,[1,0,89.99999999999999,0]]]],40]],[5,1,[3,"63pkKDEc9XdYxOKH8DC+Ib",-139,[4,"758ybJy4VIk52Ev1R2s8hy",[[2,"P_BackgroundWall_D22",["_name"],34],[0,["_lpos"],34,[1,-0.5,0,47.5]],[0,["_lrot"],34,[3,0,0.7071067811865475,0,0.7071067811865476]],[0,["_euler"],34,[1,0,89.99999999999999,0]]]],41]],[5,1,[3,"63pkKDEc9XdYxOKH8DC+Ib",-140,[4,"5cv1ZsM0ZE2K50ygDNPXOZ",[[2,"P_BackgroundWall_D23",["_name"],35],[0,["_lpos"],35,[1,-0.5,0,43.5]],[0,["_lrot"],35,[3,0,0.7071067811865475,0,0.7071067811865476]],[0,["_euler"],35,[1,0,89.99999999999999,0]]]],42]],[5,1,[3,"f03IMddc5b3bN3sLcAlWZc",-141,[4,"9b+x6DQQlEw46FaAVeLn+0",[[2,"P_BackgroundWall_D24",["_name"],36],[0,["_lpos"],36,[1,15.5,0,-0.5]],[0,["_lrot"],36,[3,0,0,0,1]],[0,["_euler"],36,[1,0,0,0]]]],43]],[5,1,[3,"f03IMddc5b3bN3sLcAlWZc",-142,[4,"0dK3E1id1KW6e1DsktsHuf",[[2,"P_BackgroundWall_D25",["_name"],37],[0,["_lpos"],37,[1,31.5,0,-0.5]],[0,["_lrot"],37,[3,0,0,0,1]],[0,["_euler"],37,[1,0,0,0]]]],44]],[5,1,[3,"f03IMddc5b3bN3sLcAlWZc",-143,[4,"adZW327l9MFa/FUcrqi1cb",[[2,"P_BackgroundWall_D26",["_name"],38],[0,["_lpos"],38,[1,35.5,0,-0.5]],[0,["_lrot"],38,[3,0,0,0,1]],[0,["_euler"],38,[1,0,0,0]]]],45]],[5,1,[3,"63pkKDEc9XdYxOKH8DC+Ib",-144,[4,"15wVcMhM1AL4Qtu/MHlDz7",[[2,"P_BackgroundWall_D27",["_name"],71],[0,["_lpos"],71,[1,11.5,0,-0.5]],[0,["_lrot"],71,[3,0,0,0,1]]]],46]],[5,1,[3,"63pkKDEc9XdYxOKH8DC+Ib",-145,[4,"38qOgRddlNIrhwFiSt2JXI",[[2,"P_BackgroundWall_D28",["_name"],72],[0,["_lpos"],72,[1,7.5,0,-0.5]],[0,["_lrot"],72,[3,0,0,0,1]]]],47]],[5,1,[3,"63pkKDEc9XdYxOKH8DC+Ib",-146,[4,"158PB3AwdKjKhnUTIJ3Mju",[[2,"P_BackgroundWall_D29",["_name"],73],[0,["_lpos"],73,[1,19.5,0,-0.5]],[0,["_lrot"],73,[3,0,0,0,1]]]],48]],[5,1,[3,"63pkKDEc9XdYxOKH8DC+Ib",-147,[4,"0dQrzQ0QJFuKXFiiCLteCm",[[2,"P_BackgroundWall_D30",["_name"],74],[0,["_lpos"],74,[1,27.5,0,-0.5]],[0,["_lrot"],74,[3,0,0,0,1]]]],49]],[5,1,[3,"63pkKDEc9XdYxOKH8DC+Ib",-148,[4,"ab8KKAeq1A66Z+xygItfEB",[[2,"P_BackgroundWall_D31",["_name"],75],[0,["_lpos"],75,[1,23.5,0,-0.5]],[0,["_lrot"],75,[3,0,0,0,1]]]],50]],[5,1,[3,"63pkKDEc9XdYxOKH8DC+Ib",-149,[20,"d3fx4zsblHPpad5QT0+yF5",null,[[16,"P_BackgroundWall_D32",["_name"],[1,["63pkKDEc9XdYxOKH8DC+Ib"]]],[7,["_lpos"],[1,["63pkKDEc9XdYxOKH8DC+Ib"]],[1,39.5,0,-0.5]],[7,["_lrot"],[1,["63pkKDEc9XdYxOKH8DC+Ib"]],[3,0,0,0,1]]]],51]],[5,1,[3,"f03IMddc5b3bN3sLcAlWZc",-150,[4,"02qKEWwFlP1ZmwWuuECsXs",[[2,"P_BackgroundWall_D33",["_name"],39],[0,["_lpos"],39,[1,47.5,0,15.5]],[0,["_lrot"],39,[3,0,-0.7071067811865475,0,0.7071067811865476]],[0,["_euler"],39,[1,0,-89.99999999999999,0]]]],52]],[5,1,[3,"f03IMddc5b3bN3sLcAlWZc",-151,[4,"b0zaqZzTBKTqCnIz7j5TwW",[[2,"P_BackgroundWall_D34",["_name"],40],[0,["_lpos"],40,[1,47.5,0,19.5]],[0,["_lrot"],40,[3,0,-0.7071067811865475,0,0.7071067811865476]],[0,["_euler"],40,[1,0,-89.99999999999999,0]]]],53]],[5,1,[3,"f03IMddc5b3bN3sLcAlWZc",-152,[4,"6aRkE0FytKyY8jv2xJK+ir",[[2,"P_BackgroundWall_D35",["_name"],41],[0,["_lpos"],41,[1,47.5,0,31.5]],[0,["_lrot"],41,[3,0,-0.7071067811865475,0,0.7071067811865476]],[0,["_euler"],41,[1,0,-89.99999999999999,0]]]],54]],[5,1,[3,"f03IMddc5b3bN3sLcAlWZc",-153,[4,"bfstV39qhPV68uoDBydUeT",[[2,"P_BackgroundWall_D36",["_name"],42],[0,["_lpos"],42,[1,47.5,0,39.5]],[0,["_lrot"],42,[3,0,-0.7071067811865475,0,0.7071067811865476]],[0,["_euler"],42,[1,0,-89.99999999999999,0]]]],55]],[5,1,[3,"63pkKDEc9XdYxOKH8DC+Ib",-154,[4,"b8J1y6BttHeZagx/wsnRMd",[[2,"P_BackgroundWall_D37",["_name"],43],[0,["_lpos"],43,[1,47.5,0,35.5]],[0,["_lrot"],43,[3,0,-0.7071067811865475,0,0.7071067811865476]],[0,["_euler"],43,[1,0,-89.99999999999999,0]]]],56]],[5,1,[3,"63pkKDEc9XdYxOKH8DC+Ib",-155,[4,"294t0XaL5N7Jk1DkvUhCYV",[[2,"P_BackgroundWall_D38",["_name"],44],[0,["_lpos"],44,[1,47.5,0,23.5]],[0,["_lrot"],44,[3,0,-0.7071067811865475,0,0.7071067811865476]],[0,["_euler"],44,[1,0,-89.99999999999999,0]]]],57]],[5,1,[3,"63pkKDEc9XdYxOKH8DC+Ib",-156,[4,"dfaHZFdvhKk6DL9Bmuc4Sv",[[2,"P_BackgroundWall_D39",["_name"],45],[0,["_lpos"],45,[1,47.5,0,11.5]],[0,["_lrot"],45,[3,0,-0.7071067811865475,0,0.7071067811865476]],[0,["_euler"],45,[1,0,-89.99999999999999,0]]]],58]],[5,1,[3,"63pkKDEc9XdYxOKH8DC+Ib",-157,[4,"f7tY3p+4JP2J1uK/ejdxSU",[[2,"P_BackgroundWall_D40",["_name"],46],[0,["_lpos"],46,[1,47.5,0,7.5]],[0,["_lrot"],46,[3,0,-0.7071067811865475,0,0.7071067811865476]],[0,["_euler"],46,[1,0,-89.99999999999999,0]]]],59]],[5,1,[3,"63pkKDEc9XdYxOKH8DC+Ib",-158,[4,"49WIh5VzRBxKIW5STiaAJL",[[2,"P_BackgroundWall_D41",["_name"],47],[0,["_lpos"],47,[1,47.5,0,27.5]],[0,["_lrot"],47,[3,0,-0.7071067811865475,0,0.7071067811865476]],[0,["_euler"],47,[1,0,-89.99999999999999,0]]]],60]],[5,1,[3,"f03IMddc5b3bN3sLcAlWZc",-159,[4,"71BEKWJWBB45fz+EimLtqG",[[2,"P_BackgroundWall_D42",["_name"],48],[0,["_lpos"],48,[1,39.5,0,59.5]],[0,["_lrot"],48,[3,0,1,0,6.123233995736766e-17]],[0,["_euler"],48,[1,0,180,0]]]],61]],[5,1,[3,"f03IMddc5b3bN3sLcAlWZc",-160,[4,"e1Q/HmqKJNIpn/ycXpyXKp",[[2,"P_BackgroundWall_D43",["_name"],49],[0,["_lpos"],49,[1,27.5,0,59.5]],[0,["_lrot"],49,[3,0,1,0,6.123233995736766e-17]],[0,["_euler"],49,[1,0,180,0]]]],62]],[5,1,[3,"f03IMddc5b3bN3sLcAlWZc",-161,[4,"69rCDugTVLaq4rE8J4HUoI",[[2,"P_BackgroundWall_D44",["_name"],50],[0,["_lpos"],50,[1,23.5,0,59.5]],[0,["_lrot"],50,[3,0,1,0,6.123233995736766e-17]],[0,["_euler"],50,[1,0,180,0]]]],63]],[5,1,[3,"f03IMddc5b3bN3sLcAlWZc",-162,[4,"89KBTT4mBF4LxTj5+YsC4i",[[2,"P_BackgroundWall_D45",["_name"],51],[0,["_lpos"],51,[1,7.5,0,59.5]],[0,["_lrot"],51,[3,0,1,0,6.123233995736766e-17]],[0,["_euler"],51,[1,0,180,0]]]],64]],[5,1,[3,"63pkKDEc9XdYxOKH8DC+Ib",-163,[4,"d61Uvj+Y1E/4RmGI2KAtKx",[[2,"P_BackgroundWall_D02",["_name"],52],[0,["_lpos"],52,[1,11.5,0,59.5]],[0,["_lrot"],52,[3,0,1,0,6.123233995736766e-17]],[0,["_euler"],52,[1,0,180,0]]]],65]],[5,1,[3,"63pkKDEc9XdYxOKH8DC+Ib",-164,[4,"36AdBl/IxNTa/pyZPXSTxY",[[2,"P_BackgroundWall_D46",["_name"],53],[0,["_lpos"],53,[1,19.5,0,59.5]],[0,["_lrot"],53,[3,0,1,0,6.123233995736766e-17]],[0,["_euler"],53,[1,0,180,0]]]],66]],[5,1,[3,"63pkKDEc9XdYxOKH8DC+Ib",-165,[4,"b371EpzpBLtYJIWgjXAQ+e",[[2,"P_BackgroundWall_D47",["_name"],54],[0,["_lpos"],54,[1,31.5,0,59.5]],[0,["_lrot"],54,[3,0,1,0,6.123233995736766e-17]],[0,["_euler"],54,[1,0,180,0]]]],67]],[5,1,[3,"63pkKDEc9XdYxOKH8DC+Ib",-166,[4,"cfHBzCEatMY7nSUyQbPM4+",[[2,"P_BackgroundWall_D48",["_name"],55],[0,["_lpos"],55,[1,15.5,0,59.5]],[0,["_lrot"],55,[3,0,1,0,6.123233995736766e-17]],[0,["_euler"],55,[1,0,180,0]]]],68]],[5,1,[3,"63pkKDEc9XdYxOKH8DC+Ib",-167,[4,"d2hzA2Tn1FhrkgrabpZeHH",[[2,"P_BackgroundWall_D49",["_name"],56],[0,["_lpos"],56,[1,3.5,0,59.5]],[0,["_lrot"],56,[3,0,1,0,6.123233995736766e-17]],[0,["_euler"],56,[1,0,180,0]]]],69]],[5,1,[3,"63pkKDEc9XdYxOKH8DC+Ib",-168,[4,"e8k6Ks9uNCkqwm0/hmAnYY",[[2,"P_BackgroundWall_D50",["_name"],57],[0,["_lpos"],57,[1,35.5,0,59.5]],[0,["_lrot"],57,[3,0,1,0,6.123233995736766e-17]],[0,["_euler"],57,[1,0,180,0]]]],70]],[5,1,[3,"63pkKDEc9XdYxOKH8DC+Ib",-169,[4,"64y+7Cr6BBXatnBi805GTW",[[2,"P_BackgroundWall_D51",["_name"],58],[0,["_lpos"],58,[1,43.5,0,59.5]],[0,["_lrot"],58,[3,0,1,0,6.123233995736766e-17]],[0,["_euler"],58,[1,0,180,0]]]],71]],[5,1,[3,"4dMGS8ZsxcubZbtPgenQNb",-170,[4,"d7D9nGfC5GjbuWFcL5O8gr",[[2,"P_BackgroundFloorTop_D01",["_name"],59],[0,["_lpos"],59,[1,51.5,0,63.5]],[0,["_lrot"],59,[3,0,0,0,1]],[0,["_lscale"],59,[1,5,1,22]]]],72]],[5,1,[3,"4dMGS8ZsxcubZbtPgenQNb",-171,[4,"6arAw4F1pD3J79DonqDck5",[[2,"P_BackgroundFloorTop_D02",["_name"],10],[0,["_lpos"],10,[1,51.5,0,-4.5]],[0,["_lrot"],10,[3,0,0.7071067811865475,0,0.7071067811865476]],[0,["_lscale"],10,[1,5,1,20]],[0,["_euler"],10,[1,0,89.99999999999999,0]]]],73]],[5,1,[3,"4dMGS8ZsxcubZbtPgenQNb",-172,[4,"f4J9U/W/9O4LdGOntBBiMP",[[2,"P_BackgroundFloorTop_D03",["_name"],11],[0,["_lpos"],11,[1,-4.5,0,-4.5]],[0,["_lrot"],11,[3,0,1,0,6.123233995736766e-17]],[0,["_lscale"],11,[1,5,1,22]],[0,["_euler"],11,[1,0,180,0]]]],74]],[5,1,[3,"4dMGS8ZsxcubZbtPgenQNb",-173,[4,"6asFuJw2hHSr1v7g+PAr54",[[2,"P_BackgroundFloorTop_D04",["_name"],12],[0,["_lpos"],12,[1,-4.5,0,63.5]],[0,["_lrot"],12,[3,0,-0.7071067811865475,0,0.7071067811865476]],[0,["_lscale"],12,[1,5,1,19]],[0,["_euler"],12,[1,0,-89.99999999999999,0]]]],75]],[5,1,[3,"37iaOSuHZRh4Tg2BmA3rKO",-174,[4,"f9iQItFjROA4Q9pspD7jyW",[[2,"S_Floor_48x60",["_name"],76],[0,["_lpos"],76,[1,-0.5,0,-0.5]],[0,["_lrot"],76,[3,0,0,0,1]],[24,["_materials","0"],[1,["96AJqFzTVZyIj7s0Zvmzza"]],77]]],76]],[5,1,[3,"f03IMddc5b3bN3sLcAlWZc",-175,[4,"acChLcgZxH3KHKWGZebyTH",[[2,"P_BackgroundWall_D52",["_name"],60],[0,["_lpos"],60,[1,-0.5,0,59.5]],[0,["_lrot"],60,[3,0,0.7071067811865475,0,0.7071067811865476]],[0,["_euler"],60,[1,0,89.99999999999999,0]]]],78]],[5,1,[3,"f03IMddc5b3bN3sLcAlWZc",-176,[4,"c8dqpni25Fy6J0f7DQ9iQg",[[2,"P_BackgroundWall_D53",["_name"],61],[0,["_lpos"],61,[1,-0.5,0,55.5]],[0,["_lrot"],61,[3,0,0.7071067811865475,0,0.7071067811865476]],[0,["_euler"],61,[1,0,89.99999999999999,0]]]],79]],[5,1,[3,"63pkKDEc9XdYxOKH8DC+Ib",-177,[4,"farovdfHxAiJlviQ6Uz95K",[[2,"P_BackgroundWall_D54",["_name"],62],[0,["_lpos"],62,[1,47.5,0,47.5]],[0,["_lrot"],62,[3,0,-0.7071067811865475,0,0.7071067811865476]],[0,["_euler"],62,[1,0,-89.99999999999999,0]]]],80]],[5,1,[3,"63pkKDEc9XdYxOKH8DC+Ib",-178,[4,"9eftMrDyZAhYEDgSyDq2U8",[[2,"P_BackgroundWall_D55",["_name"],63],[0,["_lpos"],63,[1,47.5,0,51.5]],[0,["_lrot"],63,[3,0,-0.7071067811865475,0,0.7071067811865476]],[0,["_euler"],63,[1,0,-89.99999999999999,0]]]],81]],[5,1,[3,"63pkKDEc9XdYxOKH8DC+Ib",-179,[4,"2dCLkCQbZOeq7uiQSC+Hcs",[[16,"P_BackgroundWall_D56",["_name"],[1,["63pkKDEc9XdYxOKH8DC+Ib"]]],[7,["_lpos"],[1,["63pkKDEc9XdYxOKH8DC+Ib"]],[1,43.5,0,-0.5]],[7,["_lrot"],[1,["63pkKDEc9XdYxOKH8DC+Ib"]],[3,0,0,0,1]]]],82]]],0,[0,-1,89,0,-2,90,0,-3,91,0,-4,92,0,-5,93,0,-6,94,0,-7,95,0,-8,96,0,-9,97,0,-10,98,0,-11,99,0,-12,100,0,-13,101,0,-14,102,0,-15,103,0,-16,104,0,-17,105,0,-18,106,0,-19,107,0,-20,108,0,-21,109,0,-22,110,0,-23,111,0,-24,112,0,-25,113,0,-26,114,0,-27,115,0,-28,116,0,-29,117,0,-30,118,0,-31,119,0,-32,120,0,-33,121,0,-34,122,0,-35,123,0,-36,124,0,-37,125,0,-38,126,0,-39,127,0,-40,128,0,-41,129,0,-42,130,0,-43,131,0,-44,132,0,-45,133,0,-46,134,0,-47,135,0,-48,136,0,-49,137,0,-50,138,0,-51,139,0,-52,140,0,-53,141,0,-54,142,0,-55,143,0,-56,144,0,-57,145,0,-58,146,0,-59,147,0,-60,148,0,-61,149,0,-62,150,0,-63,151,0,-64,152,0,5,3,0,6,3,0,5,3,0,6,3,0,5,3,0,6,3,0,5,3,0,6,3,0,5,3,0,6,3,0,5,3,0,6,3,0,5,3,0,6,3,0,5,3,0,6,3,0,9,2,0,-2,77,0,-3,3,0,-4,78,0,-5,79,0,-6,80,0,-7,81,0,-8,82,0,-9,83,0,-10,84,0,-11,85,0,-12,86,0,9,2,0,-14,87,0,9,2,0,-16,88,0,8,65,0,8,65,0,8,65,0,8,66,0,8,66,0,8,66,0,0,3,0,0,77,0,2,78,0,0,79,0,0,80,0,0,81,0,0,82,0,0,83,0,0,84,0,0,85,0,0,86,0,0,87,0,2,88,0,0,89,0,0,90,0,0,91,0,0,92,0,0,93,0,0,94,0,0,95,0,0,96,0,0,97,0,0,98,0,0,99,0,0,100,0,0,101,0,0,102,0,0,103,0,0,104,0,0,105,0,0,106,0,0,107,0,0,108,0,0,109,0,0,110,0,0,111,0,0,112,0,0,113,0,0,114,0,0,115,0,0,116,0,0,117,0,0,118,0,0,119,0,0,120,0,0,121,0,0,122,0,0,123,0,0,124,0,0,125,0,0,126,0,0,127,0,0,128,0,0,129,0,0,130,0,0,131,0,0,132,0,0,133,0,0,134,0,0,135,0,0,136,0,0,137,0,0,138,0,0,139,0,0,140,0,0,141,0,0,142,0,0,143,0,0,144,0,0,145,0,0,146,0,0,147,0,0,148,0,0,149,0,0,150,0,0,151,0,0,152,0,15,2,1,9,2,179],[0,0,0,0,0,0,0,0,0,0,0,0,0,0,0,0,0,0,0,0,0,0,0,0,0,0,0,0,0,0,0,0,0,0,0,0,0,0,0,0,0,0,0,0,0,0,0,0,0,0,0,0,0,0,0,0,0,0,0,0,0,0,0,0,0,0,0,0,0,0,0,0,0,0,0,0,0,0,0,0,0,0,0],[1,1,1,1,1,1,1,7,1,7,7,7,7,7,7,1,1,1,1,1,1,1,1,1,1,1,1,1,1,1,1,1,1,1,1,1,1,1,1,1,1,1,1,1,1,1,1,1,1,1,1,1,1,1,1,1,1,1,1,1,1,1,1,1,1,1,1,1,1,1,1,1,1,1,1,1,1,7,1,1,1,1,1],[29,30,31,32,33,34,35,6,36,37,38,39,40,6,41,42,43,44,3,3,3,3,1,0,1,0,1,0,1,1,0,0,1,1,1,1,0,0,0,0,0,0,0,1,1,1,0,0,0,0,0,0,1,1,1,1,0,0,0,0,0,1,1,1,1,0,0,0,0,0,0,0,4,4,4,4,45,46,1,1,0,0,0]],[[[10,".bin",216,1807840855,[{"primitives":[{"primitiveMode":7,"vertexBundelIndices":[0],"indexView":{"offset":192,"length":24,"count":6,"stride":4}}],"vertexBundles":[{"view":{"offset":0,"length":192,"count":4,"stride":48},"attributes":[{"name":"a_position","format":32,"isNormalized":false},{"name":"a_normal","format":32,"isNormalized":false},{"name":"a_texCoord","format":21,"isNormalized":false},{"name":"a_tangent","format":44,"isNormalized":false}]}]},"minPosition",8,[1,0,-3.258416869655889e-9,0.020000018179416656],"maxPosition",8,[1,0.03999999910593033,0.03999999910593033,0.020000025629997253]]]],0,0,[],[],[]],[[[10,".bin",21396,907295635,[{"primitives":[{"primitiveMode":7,"vertexBundelIndices":[0],"indexView":{"offset":19008,"length":2388,"count":597,"stride":4}}],"vertexBundles":[{"view":{"offset":0,"length":19008,"count":396,"stride":48},"attributes":[{"name":"a_position","format":32,"isNormalized":false},{"name":"a_normal","format":32,"isNormalized":false},{"name":"a_texCoord","format":21,"isNormalized":false},{"name":"a_tangent","format":44,"isNormalized":false}]}]},"minPosition",8,[1,-0.002622856991365552,-0.0012443923624232411,-0.0023315062280744314],"maxPosition",8,[1,0.040000006556510925,0.03999999910593033,0.024198858067393303]]]],0,0,[],[],[]]]]
