[1,0,0,[["cc.JsonAsset",["_name","json"],1]],[[0,0,1,3]],[[0,"data",{"levelScaling":[300,400,500,600,700,800,900,1000,1000,1200,1200,1400,1400,1600,1600,1800,1800,2000,2000,2400,2400,3200,3200,3600,3600,4000,4000,4800,4800,5000,5000,5000,5000,5000,5000,5000,5000,5000,5000,5000,5000,5000,5000,5000,5000,5000,5000,5000,5000,5000],"matchExpReward":[300,270,250,200,180,160,140,120,100,80],"weaponUpgradesCosts":[50,90,170,290,450,650,890,1170,1490],"weaponUpgradesDamageModifier":[1,1.1,1.18,1.25,1.32,1.4,1.48,1.55,1.62,1.65],"dailyMissionRewards":[40,80,120,100],"dailyMissionTargetRange":[[3,5],[6,8],[10,15]],"firstVictoryOfTheDayReward":[100],"levelUpReward":[150],"initialEntitlements":["arena-1","char-0-texture-0","char-0-texture-1","char-1-texture-0","char-1-texture-1"],"rewardedAdBonus":[80],"charactersUnlockables":[{"modelId":0,"textureId":0,"entitlementId":"char-0-texture-0","name":"Nathan - Crimson Neon","unlockToBuyAtLevel":0,"rarity":0},{"modelId":0,"textureId":1,"entitlementId":"char-0-texture-1","name":"Nathan - Purple Droid","unlockToBuyAtLevel":0,"rarity":1},{"modelId":0,"textureId":2,"entitlementId":"char-0-texture-2","name":"Nathan - Icy Green","unlockToBuyAtLevel":3,"rarity":2},{"modelId":0,"textureId":3,"entitlementId":"char-0-texture-3","name":"Nathan - Aether Nexus","unlockToBuyAtLevel":5,"rarity":3},{"modelId":1,"textureId":0,"entitlementId":"char-1-texture-0","name":"Alice - Bluish Purple","unlockToBuyAtLevel":0,"rarity":0},{"modelId":1,"textureId":1,"entitlementId":"char-1-texture-1","name":"Alice - Teal Paradise","unlockToBuyAtLevel":0,"rarity":1},{"modelId":1,"textureId":2,"entitlementId":"char-1-texture-2","name":"Alice - Alien Pink","unlockToBuyAtLevel":3,"rarity":2},{"modelId":1,"textureId":3,"entitlementId":"char-1-texture-3","name":"Alice - Desert Tangerine","unlockToBuyAtLevel":5,"rarity":3},{"modelId":2,"textureId":0,"entitlementId":"char-2-texture-0","name":"Haze - Icy Orange","unlockToBuyAtLevel":5,"rarity":0},{"modelId":2,"textureId":1,"entitlementId":"char-2-texture-1","name":"Haze - Blond Lavender","unlockToBuyAtLevel":5,"rarity":1},{"modelId":2,"textureId":2,"entitlementId":"char-2-texture-2","name":"Haze - Net Blue","unlockToBuyAtLevel":8,"rarity":2},{"modelId":2,"textureId":3,"entitlementId":"char-2-texture-3","name":"Haze - Coral Punk","unlockToBuyAtLevel":8,"rarity":3},{"modelId":3,"textureId":0,"entitlementId":"char-3-texture-0","name":"Sam - The Outlander","unlockToBuyAtLevel":7,"rarity":0},{"modelId":3,"textureId":1,"entitlementId":"char-3-texture-1","name":"Sam - Coral Sunset","unlockToBuyAtLevel":7,"rarity":1},{"modelId":3,"textureId":2,"entitlementId":"char-3-texture-2","name":"Sam - Pastel Fire","unlockToBuyAtLevel":10,"rarity":2},{"modelId":3,"textureId":3,"entitlementId":"char-3-texture-3","name":"Sam - Cyan Blast","unlockToBuyAtLevel":12,"rarity":3},{"modelId":4,"textureId":0,"entitlementId":"char-4-texture-0","name":"Alessa - Purple Sands","unlockToBuyAtLevel":10,"rarity":0},{"modelId":4,"textureId":1,"entitlementId":"char-4-texture-1","name":"Alessa - Desert Night","unlockToBuyAtLevel":12,"rarity":2},{"modelId":4,"textureId":2,"entitlementId":"char-4-texture-2","name":"Alessa - Sunny Day","unlockToBuyAtLevel":10,"rarity":1},{"modelId":4,"textureId":3,"entitlementId":"char-4-texture-3","name":"Alessa - Oasis","unlockToBuyAtLevel":15,"rarity":3},{"modelId":5,"textureId":0,"entitlementId":"char-5-texture-0","name":"Neon - Mercenary Brown","unlockToBuyAtLevel":10,"rarity":0},{"modelId":5,"textureId":1,"entitlementId":"char-5-texture-1","name":"Neon - Cyber Green","unlockToBuyAtLevel":10,"rarity":1},{"modelId":5,"textureId":2,"entitlementId":"char-5-texture-2","name":"Neon - Camo Droid","unlockToBuyAtLevel":15,"rarity":2},{"modelId":5,"textureId":3,"entitlementId":"char-5-texture-3","name":"Neon - Space Hunter","unlockToBuyAtLevel":16,"rarity":3},{"modelId":6,"textureId":0,"entitlementId":"char-6-texture-0","name":"Phaser - Fuchsia Frame","unlockToBuyAtLevel":18,"rarity":0},{"modelId":6,"textureId":1,"entitlementId":"char-6-texture-1","name":"Phaser - Coral Frame","unlockToBuyAtLevel":18,"rarity":1},{"modelId":6,"textureId":2,"entitlementId":"char-6-texture-2","name":"Phaser - Pink Panther","unlockToBuyAtLevel":20,"rarity":2},{"modelId":6,"textureId":3,"entitlementId":"char-6-texture-3","name":"Phaser - Cool Breeze","unlockToBuyAtLevel":20,"rarity":3},{"modelId":7,"textureId":0,"entitlementId":"char-7-texture-0","name":"Cyclop - Midnight Blue","unlockToBuyAtLevel":25,"rarity":0},{"modelId":7,"textureId":1,"entitlementId":"char-7-texture-1","name":"Cyclop - Red Riot","unlockToBuyAtLevel":30,"rarity":3},{"modelId":7,"textureId":2,"entitlementId":"char-7-texture-2","name":"Cyclop - Green Sunset","unlockToBuyAtLevel":25,"rarity":1},{"modelId":7,"textureId":3,"entitlementId":"char-7-texture-3","name":"Cyclop - Drone Royalty","unlockToBuyAtLevel":30,"rarity":2},{"modelId":8,"textureId":0,"entitlementId":"char-8-texture-0","name":"Hawk - Orange Dream","unlockToBuyAtLevel":25,"rarity":0},{"modelId":8,"textureId":1,"entitlementId":"char-8-texture-1","name":"Hawk - Pink Thunder","unlockToBuyAtLevel":25,"rarity":1},{"modelId":8,"textureId":2,"entitlementId":"char-8-texture-2","name":"Hawk - Golden Voltage","unlockToBuyAtLevel":30,"rarity":2},{"modelId":8,"textureId":3,"entitlementId":"char-8-texture-3","name":"Hawk - Elektra Wings","unlockToBuyAtLevel":30,"rarity":3},{"modelId":9,"textureId":0,"entitlementId":"char-9-texture-0","name":"Falcon - Brave Heart","unlockToBuyAtLevel":30,"rarity":3},{"modelId":9,"textureId":1,"entitlementId":"char-9-texture-1","name":"Falcon - Black Swan","unlockToBuyAtLevel":25,"rarity":0},{"modelId":9,"textureId":2,"entitlementId":"char-9-texture-2","name":"Falcon - Purple Sparks","unlockToBuyAtLevel":25,"rarity":1},{"modelId":9,"textureId":3,"entitlementId":"char-9-texture-3","name":"Falcon - Royal Ruby","unlockToBuyAtLevel":30,"rarity":2}],"rarityPrices":[100,200,300,400]}]],0,0,[],[],[]]
