[1,["1bf8d0e39@6c48a"],["_textureSource"],["cc.SpriteFrame","cc.SpriteAtlas"],0,[[[{"name":"T_Background_02_A","rect":{"x":133,"y":466,"width":64,"height":64},"offset":{"x":0,"y":0},"originalSize":{"width":64,"height":64},"rotated":false,"capInsets":[12,12,12,12],"texture":"1bf8d0e39@6c48a","packable":true}],[0],0,[0],[0],[0]],[[{"name":"T_RoundSquare","rect":{"x":203,"y":466,"width":64,"height":64},"offset":{"x":0,"y":0},"originalSize":{"width":64,"height":64},"rotated":false,"capInsets":[14,14,14,14],"texture":"1bf8d0e39@6c48a","packable":true}],[0],0,[0],[0],[0]],[[{"name":"AtlasBaseElements","spriteFrames":["T_ResultScreenSquare_Title","51d7/0yCFGT69KuDM3UhJK@f9941","T_ResultScreenSquare_Stats","60cP5UOupGHb8EhNGnDLZr@f9941","T_Icon_Level","43CEaNQPJI8rv9kxMRbutz@f9941","T_Icon_Level_Gold","ddDNp1cABIN4Vk7JwCkeEN@f9941","T_Background_02_A","21tfMhsotEE4EKmz6pagNU@f9941","T_RoundSquare","2dhVjRwPxCuKdWHztWV5Cu@f9941","T_Background_03_A","efTj1gAxhKD50UOi7hXy3l@f9941","T_ProgressBar_Light","2f1rcs9n9CSYuqpwFQKErS@f9941","T_WhiteSquare","daTwhypRtAHo3GK+q5ZnSW@f9941","T_ProgressBar_Background","46zYMinrlPEKR5VJPDIYUq@f9941","T_PanelLock_01_A","acj5yMnydHkL3vNgj92JPB@f9941","T_ProgressBar_Fill4","c9uWSXSvxKdIxZUdiJcEOy@f9941","T_ProgressBar_Fill2","e9DW1yh9BGxK5yfi7Sgldb@f9941","T_TrophyStamp","46tUTOcxpLgYEuttexyA5H@f9941"]}],[1],0,[],[],[]],[[{"name":"T_TrophyStamp","rect":{"x":413,"y":473,"width":59,"height":62},"offset":{"x":-1.5,"y":-1},"originalSize":{"width":72,"height":72},"rotated":false,"capInsets":[0,0,0,0],"texture":"1bf8d0e39@6c48a","packable":true}],[0],0,[0],[0],[0]],[[{"name":"T_ResultScreenSquare_Title","rect":{"x":3,"y":3,"width":502,"height":324},"offset":{"x":0,"y":-3},"originalSize":{"width":512,"height":350},"rotated":false,"capInsets":[0,0,0,0],"texture":"1bf8d0e39@6c48a","packable":true}],[0],0,[0],[0],[0]],[[{"name":"T_ResultScreenSquare_Stats","rect":{"x":3,"y":333,"width":217,"height":127},"offset":{"x":1.5,"y":-0.5},"originalSize":{"width":256,"height":128},"rotated":false,"capInsets":[0,0,0,0],"texture":"1bf8d0e39@6c48a","packable":true}],[0],0,[0],[0],[0]],[[{"name":"T_ProgressBar_Fill4","rect":{"x":407,"y":333,"width":64,"height":64},"offset":{"x":0,"y":0},"originalSize":{"width":64,"height":64},"rotated":false,"capInsets":[10,10,10,10],"texture":"1bf8d0e39@6c48a","packable":true}],[0],0,[0],[0],[0]],[[{"name":"T_Icon_Level_Gold","rect":{"x":68,"y":466,"width":72,"height":59},"offset":{"x":3.5,"y":-1},"originalSize":{"width":79,"height":61},"rotated":true,"capInsets":[0,0,0,0],"texture":"1bf8d0e39@6c48a","packable":true}],[0],0,[0],[0],[0]],[[{"name":"T_Background_03_A","rect":{"x":273,"y":333,"width":128,"height":128},"offset":{"x":0,"y":0},"originalSize":{"width":128,"height":128},"rotated":false,"capInsets":[24,24,24,24],"texture":"1bf8d0e39@6c48a","packable":true}],[0],0,[0],[0],[0]]]]
