[1,["1brw/JvvpFnIvdrxpFCgMZ","57jITlOvRCyLtV+9pGjMSX@4ef96","57jITlOvRCyLtV+9pGjMSX@82b64"],["_effectAsset","root","node","data","_mesh"],[["cc.Node",["_name","_prefab","_children","_parent","_components","_lrot","_lscale","_euler"],2,4,2,1,9,5,5,5],["cc.Material",["_name","_props","_states","_defines"],-1],["cc.Mesh",["_native","_dataLength","_hash","_struct"],0,11],["cc.Prefab",[],3],["cc.PrefabInfo",["fileId","root","asset"],2,1,1],["cc.MeshRenderer",["node","__prefab","_materials","lightmapSettings","_mesh"],3,1,4,3,4,6],["cc.CompPrefabInfo",["fileId"],2],["cc.ModelLightmapSettings",[],3]],[[4,0,1,2,2],[1,0,1,2,3,5],[2,0,1,2,3,4],[3,1],[0,0,2,1,2],[0,0,3,4,1,5,6,7,2],[5,0,1,2,3,4,1],[6,0,2],[7,1]],[[[[1,"M_Floor_02",[{"metallic":0.4000000059604645,"roughness":0.30151134729385376}],[{"rasterizerState":{},"blendState":{"targets":[{}]},"depthStencilState":{}}],[{}]]],0,0,[0],[0],[0]],[[[2,".bin",216,2892931326,[{"primitives":[{"primitiveMode":7,"vertexBundelIndices":[0],"indexView":{"offset":192,"length":24,"count":6,"stride":4}}],"vertexBundles":[{"view":{"offset":0,"length":192,"count":4,"stride":48},"attributes":[{"name":"a_position","format":32,"isNormalized":false},{"name":"a_normal","format":32,"isNormalized":false},{"name":"a_texCoord","format":21,"isNormalized":false},{"name":"a_tangent","format":44,"isNormalized":false}]}]},"minPosition",8,[1,0,-7.851781447243411e-8,0],"maxPosition",8,[1,0.5200001001358032,0.5199999809265137,0]]]],0,0,[],[],[]],[[[3],[4,"S_Floor_52x52",[-2],[0,"c4FxaRIHJcypMjVlOkrilM",-1,0]],[5,"Floor_50x50.001",1,[[6,-3,[7,"9b+h/b7nlUHYfoiBei6tip"],[0],[8],1]],[0,"14v7kJFbxXfb+grIPUn0Ac",1,0],[3,5.3385074579091275e-8,0.7071068109888664,0.7071067513842232,-5.338507813180486e-8],[1,100,100,100],[1,-89.99999517032703,-179.99999134857805,7.675922024397464e-14]]],0,[0,1,1,0,-1,2,0,2,2,0,3,1,3],[0,0],[-1,4],[1,2]]]]
