[1,["b39BL5h8hKsooDueccS1CU","83BwXxMuxNmbzuPECeDJ2g","3e2Shze9VCT6Smm3V2qt18","47WNTjpqdEv5kFs385TaXz","a2wlxbMfNMSoR5JiaWTNoD","72sfxtHbdFx5/SNCVVa+ce","2ePHYOjLlJKJNOdGZ7CWZy","a3zQCfCrBCDZJ4uf2rk5u8","4aP0PBvnVL+pYx2ivR3NZa","49V1I6JCtA1bIUVk5Hi4n6","30khkElalLUpcyQFCZNTDQ","526bUIZH5DPbaKItMGVQlh@6c48a","5aKku5nYlBd425tPyTooFh","7dwVMIhcBIDaO226p6wp8u","7eVwfeWghGgrSzUMB5pEQ9","d4D2EU3cxKFrH7+mkZIZLH","96FV/LXSVMH5wT58pSFRes","f95TiUMbdGILrrSnMzoVAq","f2h9adEUNO54IwOfxeOs5S","46zqYQDRJKzqK/YRUnJEyr","1bQOr1P1NJMa4WolEESrVb","4aE02eFrBCzYwjdRYfTdoU","36I+7Q/CRCtY5PnezA7cgA","1ecVgAShxKc4uSSkN4II80","a0q51LSCVMcL75TnC7ECFA","9eNlp78ipMdbFEkJCU1GCV","10/sZ73XRAmpOcCjdqGe4W","0f6wkm6ThIiJXcjFHnSx74","57jITlOvRCyLtV+9pGjMSX@b6498","136bKL3LtJYpw/YMVeR2lm","99Kik07IpBlbQc987D+s13","57YUvFzTpFqKXzmHyHAqcv@67e56","98jnYd59xE6rxgVKypP8sp@a804d","e86tumphVCaI10H83yPB/I@97f5d","321uhtuSRDq5TreLl0cguH@32556","6eyejE/ZNN97hQREr4qRD9@4309a","58+QFANjtA2Jau2VOvu0Xy@6c48a","6cfv76rMlA0YLOYWQJ7LLW@6c48a","a1GMeR8uRO04K95/foMAyS@291ef","dbSVW05XFPD4/N6+iDMbLo@9c123","0fKIDW6T1GH5hXkidfl9IZ@a804d","bd5g682tpCg4milPey4bGt@86a2e","18TOzoe2RHyKCU7UbuKdFS@c9890","b2IaqGjGJN7JRyBljKXwc2@91d15","f4o4GH+q5CXLlTMd5if/B3","5f0lF1aYdHzoxa0mFTAFmm","64XcQVP0pMH6JkzrBf8wE2","16OVW3M4VFp6r6cpOZwCfv","85Lmz5SO5IMb9Iq+XAul5R","81sxQDXZFGUZaxFGjgrbly","b78MBuQ7dC+6ibNjvHsdUK","83qW7Q6ahF5YC1YlUCnix/","b6HFjwzVNJqYOjdKewmSaZ@f6530","37VEZfi2tDybM9lNQe38CK@54a1c"],["root","asset","node","data","_mesh","value","_parent","mainTexture","_effectAsset","scene","uiTrackNode","feedbackPrefab","prefabParticle"],[["cc.Node",["_name","_id","_parent","_prefab","_components","_children","_lscale","_lrot","_euler","_lpos"],1,1,4,9,2,5,5,5,5],["cc.Material",["_states","_defines","_techIdx","_props"],0,12],["cc.PrefabInstance",["fileId","prefabRootNode","propertyOverrides"],1,9],["cc.Mesh",["_native","_dataLength","_hash","_struct"],0,11],["cc.SceneAsset",["_name"],2],["cc.Scene",["_name","_children","_globals"],2,12,4],["cc.SceneGlobals",["ambient","shadows","_skybox","fog"],3,4,4,4,4],["cc.AmbientInfo",[],3],["cc.ShadowsInfo",["_shadowColor"],3,5],["cc.SkyboxInfo",[],3],["cc.FogInfo",[],3],["cc.TargetInfo",["localID"],2],["cc.PrefabInfo",["fileId","root","instance","asset"],2,1,4,6],["cc.PrefabInfo",["fileId","root","asset"],2,1,1],["cc.PrefabInstance",["fileId","prefabRootNode","propertyOverrides"],2,1,9],["CCPropertyOverrideInfo",["value","propertyPath","targetInfo"],1,1],["CCPropertyOverrideInfo",["propertyPath","targetInfo","value"],2,1,8],["CCPropertyOverrideInfo",["value","propertyPath","targetInfo"],1,4],["CCPropertyOverrideInfo",["propertyPath","targetInfo","value"],2,4,8],["CCPropertyOverrideInfo",["propertyPath","targetInfo","value"],2,4,6],["CCPropertyOverrideInfo",["propertyPath","targetInfo","value"],2,1,6],["7fd34bSu+VGn5RWZN51aRtH",["node"],3,1],["75f3b8nsXpIlr6ODFFX3tRE",["node"],3,1],["cc.Prefab",["_name"],2],["cc.MeshRenderer",["node","__prefab","_materials","lightmapSettings","_mesh"],3,1,4,3,4,6],["cc.CompPrefabInfo",["fileId"],2],["cc.ModelLightmapSettings",[],3],["cc.JsonAsset",["_name","json"],1],["cc.BoxCollider",["_isTrigger","node","__prefab","_center"],2,1,4,5],["9c0a2WODRtCTbRFPBcJlVNW",["initialSpawnDelay","collectionTimer","node","__prefab","uiTrackNode","feedbackPrefab"],1,1,4,1,6],["fcd7afbWP5O4oNvukKP8i0w",["node","__prefab","collect"],3,1,4,3],["ef7f6Mo37VDMqe8/rLZA/Rw",["node","__prefab","prefabParticle"],3,1,4,6],["cc.RigidBody",["_group","_type","node","__prefab"],1,1,4]],[[16,0,1,2,2],[11,0,2],[15,0,1,2,3],[12,0,1,2,3,2],[2,0,2,2],[0,2,3,1],[13,0,1,2,2],[25,0,2],[18,0,1,2,2],[23,0,2],[3,0,1,2,3,4],[0,0,5,3,2],[24,0,1,2,3,4,1],[26,1],[0,1,2,3,2],[0,0,2,4,3,7,6,8,2],[0,0,2,4,3,6,2],[20,0,1,2,2],[0,0,1,2,3],[1,0,1,3,3],[0,0,1,2,4,3],[14,0,1,2,2],[17,0,1,2,3],[19,0,1,2,2],[1,2,0,1,3,4],[4,0,2],[0,0,1,5,3],[0,0,5,4,3,2],[0,0,2,3,9,2],[5,0,1,2,2],[6,0,1,2,3,1],[7,1],[8,0,1],[9,1],[10,1],[2,0,1,2,3],[21,0,1],[22,0,1],[27,0,1,3],[28,0,1,2,3,2],[29,0,1,2,3,4,5,3],[30,0,1,2,1],[31,0,1,2,1],[32,0,1,2,3,3]],[[[[10,".bin",63480,2200986311,[{"primitives":[{"primitiveMode":7,"vertexBundelIndices":[0],"indexView":{"offset":56976,"length":6504,"count":1626,"stride":4}}],"vertexBundles":[{"view":{"offset":0,"length":56976,"count":1187,"stride":48},"attributes":[{"name":"a_position","format":32,"isNormalized":false},{"name":"a_normal","format":32,"isNormalized":false},{"name":"a_texCoord","format":21,"isNormalized":false},{"name":"a_tangent","format":44,"isNormalized":false}]}]},"minPosition",8,[1,-0.004527755547314882,-0.004847305361181498,0],"maxPosition",8,[1,0.004527765326201916,0.005290542729198933,0.00799737498164177]]]],0,0,[],[],[]],[[[19,[{"rasterizerState":{},"depthStencilState":{},"blendState":{"targets":[{}]}}],[{"USE_TEXTURE":true}],[[[{},"mainColor",8,[4,14641527],"mainTexture",6,0]],11]]],0,0,[0,0],[7,8],[11,7]],[[[25,"Level_01"],[26,"BackgroundArt","07E8MYiItBn5MhzzWjsRY9",[-1,-2,-3,-4,-5,-6,-7,-8,-9,-10,-11,-12,-13,-14,-15,-16,-17,-18,-19,-20,-21,-22,-23,-24,-25,-26,-27,-28,-29,-30,-31,-32,-33,-34,-35,-36,-37,-38,-39,-40,-41,-42,-43,-44,-45,-46,-47,-48,-49,-50,-51,-52,-53,-54,-55,-56,-57,-58,-59,-60,-61,-62,-63,-64,-65,-66,-67,-68,-69,-70,-71,-72,-73,-74]],[29,"Level_01",[[[18,"----Managers----","9f9spVRaVN6qPnFTCgRtnB",-75],-76,-77,-78,-79,-80,-81,-82,-83,-84,-85,-86,[18,"----Gameplay----","6bFwMocp1GQp0XY3RgY8lC",-87],-88,[18,"----Scenary----","9fWfc2ev9CDrF32FSCEEE8",-89],-90,1],4,1,1,1,1,1,1,1,1,1,1,1,4,1,4,1,1],[30,[31],[32,[4,4283190348]],[33],[34]]],[1,["3dd+sfuLtGsbovWCYZMwPa"]],[1,["41eu4WuFBMfahj2Yxzg+lz"]],[1,["96gXpUgBJNaYq+Tf3gunn7"]],[1,["e7jy/TL8JHB50nbM8EuNGd"]],[1,["f96WuWHFZIJ729S9HYGv2p"]],[1,["c5erGP2HNFl7DM+NEPZ70Q"]],[1,["81MtynVuBTj40iFS4caE67"]],[1,["81MtynVuBTj40iFS4caE67"]],[1,["42KllKBR9aApVT+aRn4/ze"]],[1,["42KllKBR9aApVT+aRn4/ze"]],[1,["42KllKBR9aApVT+aRn4/ze"]],[1,["42KllKBR9aApVT+aRn4/ze"]],[1,["32osRaHTtE04UPs63Kd2P2"]],[1,["c4FxaRIHJcypMjVlOkrilM"]],[1,["72u3OSqyddcK6IFmRqxzSc"]],[1,["0347laM+1Tp7bLpSfpP9Oi"]],[1,["8bnh6pVUtVhKew/4l+SS5s"]],[1,["1brRlNtuFVWY2YUP/1v5zX"]],[1,["0347laM+1Tp7bLpSfpP9Oi"]],[1,["8bnh6pVUtVhKew/4l+SS5s"]],[1,["1brRlNtuFVWY2YUP/1v5zX"]],[1,["1brRlNtuFVWY2YUP/1v5zX"]],[1,["8bnh6pVUtVhKew/4l+SS5s"]],[1,["1brRlNtuFVWY2YUP/1v5zX"]],[1,["0347laM+1Tp7bLpSfpP9Oi"]],[1,["8bnh6pVUtVhKew/4l+SS5s"]],[1,["0347laM+1Tp7bLpSfpP9Oi"]],[1,["0347laM+1Tp7bLpSfpP9Oi"]],[1,["0347laM+1Tp7bLpSfpP9Oi"]],[1,["0347laM+1Tp7bLpSfpP9Oi"]],[1,["8bnh6pVUtVhKew/4l+SS5s"]],[1,["1brRlNtuFVWY2YUP/1v5zX"]],[1,["0347laM+1Tp7bLpSfpP9Oi"]],[1,["8bnh6pVUtVhKew/4l+SS5s"]],[1,["1brRlNtuFVWY2YUP/1v5zX"]],[1,["1brRlNtuFVWY2YUP/1v5zX"]],[1,["8bnh6pVUtVhKew/4l+SS5s"]],[1,["1brRlNtuFVWY2YUP/1v5zX"]],[1,["0347laM+1Tp7bLpSfpP9Oi"]],[1,["8bnh6pVUtVhKew/4l+SS5s"]],[1,["0347laM+1Tp7bLpSfpP9Oi"]],[1,["0347laM+1Tp7bLpSfpP9Oi"]],[1,["0347laM+1Tp7bLpSfpP9Oi"]],[1,["0347laM+1Tp7bLpSfpP9Oi"]],[1,["8bnh6pVUtVhKew/4l+SS5s"]],[1,["1brRlNtuFVWY2YUP/1v5zX"]],[1,["1brRlNtuFVWY2YUP/1v5zX"]],[1,["8bnh6pVUtVhKew/4l+SS5s"]],[1,["1brRlNtuFVWY2YUP/1v5zX"]],[1,["0347laM+1Tp7bLpSfpP9Oi"]],[1,["8bnh6pVUtVhKew/4l+SS5s"]],[1,["0347laM+1Tp7bLpSfpP9Oi"]],[1,["0347laM+1Tp7bLpSfpP9Oi"]],[1,["8bnh6pVUtVhKew/4l+SS5s"]],[1,["0347laM+1Tp7bLpSfpP9Oi"]],[1,["72u3OSqyddcK6IFmRqxzSc"]],[1,["72u3OSqyddcK6IFmRqxzSc"]],[1,["82JT1Pkp1Z1KsOLKS16Jya"]],[1,["82JT1Pkp1Z1KsOLKS16Jya"]],[1,["82JT1Pkp1Z1KsOLKS16Jya"]],[1,["82JT1Pkp1Z1KsOLKS16Jya"]],[1,["82JT1Pkp1Z1KsOLKS16Jya"]],[1,["82JT1Pkp1Z1KsOLKS16Jya"]],[1,["c8scAnR8dH64oVklRAHcSg"]],[1,["7bhADGCfNJN4zbsjOukZ5F"]],[1,["449LfFj5NPuJYMmnfynI2L"]],[1,["bd17iBsWZB+4qDM6bBVUCk"]],[1,["38MOELpdhKH6Zbq1RKN6nk"]],[1,["52aqJ12IVNgLI43LMptHWT"]],[1,["0347laM+1Tp7bLpSfpP9Oi"]],[1,["8bnh6pVUtVhKew/4l+SS5s"]],[1,["1brRlNtuFVWY2YUP/1v5zX"]],[1,["0347laM+1Tp7bLpSfpP9Oi"]],[1,["8bnh6pVUtVhKew/4l+SS5s"]],[1,["1brRlNtuFVWY2YUP/1v5zX"]],[1,["1brRlNtuFVWY2YUP/1v5zX"]],[1,["8bnh6pVUtVhKew/4l+SS5s"]],[1,["1brRlNtuFVWY2YUP/1v5zX"]],[1,["0347laM+1Tp7bLpSfpP9Oi"]],[1,["8bnh6pVUtVhKew/4l+SS5s"]],[1,["0347laM+1Tp7bLpSfpP9Oi"]],[1,["0347laM+1Tp7bLpSfpP9Oi"]],[1,["0347laM+1Tp7bLpSfpP9Oi"]],[1,["72u3OSqyddcK6IFmRqxzSc"]],[1,["81MtynVuBTj40iFS4caE67"]],[1,["b1oCHYDENR1KDU8s4SKbUj"]],[14,"dauC+dslpDJ5Xt6tfzRGUX",2,[3,"c8scAnR8dH64oVklRAHcSg",-91,[4,"f5son9vlNI7qEcyoMx8gZs",[[2,"P_CharacterModelManager",["_name"],66],[0,["_lpos"],66,[1,0,0,0]],[0,["_lrot"],66,[3,0,0,0,1]]]],0]],[14,"a6+SOWt3BAo4BOigjwgq1B",2,[3,"449LfFj5NPuJYMmnfynI2L",-92,[4,"69sw3SPBNMd5aBWMjKmz3S",[[2,"P_ShrinkingAreaManager",["_name"],67],[0,["_lpos"],67,[1,-110,0,0]],[0,["_lrot"],67,[3,0,0,0,1]],[2,"P_ShrinkingAreaManager",["_name"],68],[0,["_lpos"],68,[1,-150,0,250]],[0,["_lrot"],68,[3,0,0,0,1]]]],1]],[20,"GameSnacks-MatchEvents","f9UaJaRjxLNovkIQd8m19M",2,[[36,-93]]],[14,"31P5RnRUBCN5iPH6IRtDHB",2,[3,"32osRaHTtE04UPs63Kd2P2",-94,[4,"12VNjhFs9NuL/N84YCqSTE",[[22,"P_MaterialsLoader",["name"],[1,["32osRaHTtE04UPs63Kd2P2"]]],[8,["position"],[1,["32osRaHTtE04UPs63Kd2P2"]],[1,-38.416,0,0]],[0,["rotation"],15,[3,0,0,0,1]],[2,"P_MaterialsLoader",["_name"],15],[0,["_lpos"],15,[1,-38.416,0,0]],[0,["_lrot"],15,[3,0,0,0,1]]]],2]],[14,"e27okckI9DXLQsv0G/+ew4",2,[3,"3dd+sfuLtGsbovWCYZMwPa",-95,[4,"7fbK0arwxGpbM0Yp6otGNJ",[[2,"WeaponPickupManager",["name"],3],[0,["position"],3,[1,0,0,0]],[0,["rotation"],3,[3,0,0,0,1]],[2,"WeaponPickupManager",["_name"],3],[0,["_lpos"],3,[1,0,0,0]],[0,["_lrot"],3,[3,0,0,0,1]]]],3]],[14,"bd0Pyk53lIhYMhE0EMsGlP",2,[3,"41eu4WuFBMfahj2Yxzg+lz",-96,[4,"8dSWu5YBBLhZnwuox0ZpRe",[[2,"PanelsManager",["name"],4],[0,["position"],4,[1,0,0,0]],[0,["rotation"],4,[3,0,0,0,1]],[2,"PanelsManager",["_name"],4],[0,["_lpos"],4,[1,0,0,0]],[0,["_lrot"],4,[3,0,0,0,1]]]],4]],[14,"92gYIc5GJBzJzQNqrNbHQq",2,[3,"96gXpUgBJNaYq+Tf3gunn7",-97,[4,"28ETdxVOFJ24AOg9J81Fo/",[[2,"BulletPools",["name"],5],[0,["position"],5,[1,0,0,0]],[0,["rotation"],5,[3,0,0,0,1]],[2,"BulletPools",["_name"],5],[0,["_lpos"],5,[1,0,0,0]],[0,["_lrot"],5,[3,0,0,0,1]]]],5]],[14,"90KbfdSwBMyY+MQLPLOO8X",2,[3,"bd17iBsWZB+4qDM6bBVUCk",-98,[4,"98pG8AS11JF6e2utPpPND6",[[2,"P_EnemyManager",["_name"],69],[0,["_lpos"],69,[1,0,0,0]],[0,["_lrot"],69,[3,0,0,0,1]],[23,["mapJson"],[1,["51d/2aT1ZFNaew7JMgVzSq"]],7]]],6]],[14,"99A8xL22lFu6oHlmN26qOG",2,[3,"e7jy/TL8JHB50nbM8EuNGd",-99,[4,"cfbPQAgadGr6e7RC6ldCJ/",[[2,"MapSpawner",["name"],6],[0,["position"],6,[1,0,0,0]],[0,["rotation"],6,[3,0,0,0,1]],[2,"MapSpawner",["_name"],6],[0,["_lpos"],6,[1,0,0,0]],[0,["_lrot"],6,[3,0,0,0,1]],[17,["prefabs","1"],7,9],[17,["prefabs","2"],7,10],[17,["prefabs","3"],7,11],[17,["prefabs","4"],7,12],[17,["prefabs","7"],7,13],[17,["mapJson"],7,14]]],8]],[14,"357BWfZOBMLY25M/m/brYJ",2,[3,"38MOELpdhKH6Zbq1RKN6nk",-100,[4,"89syBLNz1AArfXb8ASkYDK",[[2,"P_MatchController",["_name"],70],[0,["_lpos"],70,[1,0,0,0]],[0,["_lrot"],70,[3,0,0,0,1]]]],15]],[14,"27RWXXH95ONqTiuCHrs4fR",2,[3,"52aqJ12IVNgLI43LMptHWT",-101,[4,"7aho6cNWVA/4RDHL6z2HjD",[[2,"P_MatchUIContainer",["_name"],71],[0,["_lpos"],71,[1,0,0,0]],[0,["_lrot"],71,[3,0,0,0,1]],[8,["_lpos"],[1,["7daj9CpXNJtaooMgAXF5bc","30Z6MuT39F8LFwwog22ebO"]],[1,207,448,0]],[8,["_lpos"],[1,["30MOD3fX1Lmrc+Hq71ln2B"]],[1,207,448,1000]],[8,["_lpos"],[1,["d9L/FTQRtMGJZOpDrCxz/9","bdaQ7E5/hIXL/vLaerRKGr"]],[1,207,448,0]],[8,["_lpos"],[1,["ffIsb9q9pIE7QkWubOXskw","29PBV4RGFIn751JF0vli3v"]],[1,207,448,0]],[8,["_lpos"],[1,["7daj9CpXNJtaooMgAXF5bc","deB9cTVVlGKIaTSRc2ubyb","98Ce4jsB5Jvqf4XcLsLFMw"]],[1,-200,0,0]],[8,["_lpos"],[1,["7daj9CpXNJtaooMgAXF5bc","f7tWZht4FK676kB2P1sEvC","b6OvzxbShBvpNmSQv/mHdF"]],[1,0,-165.41250000000002,0]],[8,["_lpos"],[1,["d9L/FTQRtMGJZOpDrCxz/9","a1RVs79e1PsILJPg//vzG1","44qPog+rFOHb7K9SGz/ALF"]],[1,62,-39.802499999999995,0]],[8,["_lpos"],[1,["ffIsb9q9pIE7QkWubOXskw","a8+JfY08lMiZ1YUbWcw+qk"]],[1,0,67,0]],[8,["_lpos"],[1,["ffIsb9q9pIE7QkWubOXskw","d5S8Z+rNJKb7QCJYNZQ9Bw"]],[1,-32.230000000000004,17.6,0]]]],16]],[14,"56YDb0qTlEy5JKa2dW6zrD",2,[3,"c5erGP2HNFl7DM+NEPZ70Q",-102,[4,"c1N0hMW4RNZrXxbYu1JXh5",[[2,"Main Camera",["name"],8],[0,["position"],8,[1,0,30,20]],[0,["rotation"],8,[3,-0.47715876025960846,0,0,0.8788171126619654]],[2,"Main Camera",["_name"],8],[0,["_lpos"],8,[1,0,30,20]],[0,["_lrot"],8,[3,-0.47715876025960846,0,0,0.8788171126619654]]]],17]],[20,"----Cheats----","desrZb+OFPUpzpxdTWRzbU",2,[[37,-103]]],[5,1,[3,"c4FxaRIHJcypMjVlOkrilM",-104,[4,"3dSILJ9RBAiKzVsS+7nsCm",[[2,"S_Floor_52x52",["_name"],16],[0,["_lpos"],16,[1,0,0,0]],[0,["_lrot"],16,[3,0,0.7071067811865475,0,0.7071067811865476]],[0,["_euler"],16,[1,0,89.99999999999999,0]],[23,["_materials","0"],[1,["9b+h/b7nlUHYfoiBei6tip"]],19],[8,["_lpos"],[1,["14v7kJFbxXfb+grIPUn0Ac"]],[1,0.5,0,-0.5]]]],18]],[5,1,[3,"0347laM+1Tp7bLpSfpP9Oi",-105,[4,"92T+zIBDNEpb1r4Fj4goLp",[[2,"P_BackgroundWall_B01",["_name"],72],[0,["_lpos"],72,[1,-0.5,0,-0.5]],[0,["_lrot"],72,[3,0,0,0,1]]]],20]],[5,1,[3,"8bnh6pVUtVhKew/4l+SS5s",-106,[4,"c7jV63xX5BwK3J0v7Xd83l",[[2,"P_BackgroundWall_B02",["_name"],73],[0,["_lpos"],73,[1,3.5,0,-0.5]],[0,["_lrot"],73,[3,0,0,0,1]]]],21]],[5,1,[3,"1brRlNtuFVWY2YUP/1v5zX",-107,[4,"62wkjIsa1O+4fdpK5DvUDr",[[2,"P_BackgroundWall_B03",["_name"],74],[0,["_lpos"],74,[1,7.5,0,-0.5]],[0,["_lrot"],74,[3,0,0,0,1]]]],22]],[5,1,[3,"0347laM+1Tp7bLpSfpP9Oi",-108,[4,"34IFJ+osdKCp9nzzUgYpii",[[2,"P_BackgroundWall_B04",["_name"],75],[0,["_lpos"],75,[1,11.5,0,-0.5]],[0,["_lrot"],75,[3,0,0,0,1]]]],23]],[5,1,[3,"8bnh6pVUtVhKew/4l+SS5s",-109,[4,"13AwTX7WNA27W8d8IEqNP/",[[2,"P_BackgroundWall_B05",["_name"],76],[0,["_lpos"],76,[1,19.5,0,-0.5]],[0,["_lrot"],76,[3,0,0,0,1]]]],24]],[5,1,[3,"1brRlNtuFVWY2YUP/1v5zX",-110,[4,"51XG17KpZFZbbcTnyKdn5C",[[2,"P_BackgroundWall_B06",["_name"],77],[0,["_lpos"],77,[1,15.5,0,-0.5]],[0,["_lrot"],77,[3,0,0,0,1]]]],25]],[5,1,[3,"1brRlNtuFVWY2YUP/1v5zX",-111,[4,"0dcO6If/hFuZA6oTxQi8xo",[[2,"P_BackgroundWall_B07",["_name"],78],[0,["_lpos"],78,[1,23.5,0,-0.5]],[0,["_lrot"],78,[3,0,0,0,1]]]],26]],[5,1,[3,"8bnh6pVUtVhKew/4l+SS5s",-112,[4,"c0wG4SAeVAab/Yo7kbDsyX",[[2,"P_BackgroundWall_B08",["_name"],79],[0,["_lpos"],79,[1,27.5,0,-0.5]],[0,["_lrot"],79,[3,0,0,0,1]]]],27]],[5,1,[3,"1brRlNtuFVWY2YUP/1v5zX",-113,[4,"e06/RquVRBY5b62a7VI6w0",[[2,"P_BackgroundWall_B09",["_name"],80],[0,["_lpos"],80,[1,35.5,0,-0.5]],[0,["_lrot"],80,[3,0,0,0,1]]]],28]],[5,1,[3,"0347laM+1Tp7bLpSfpP9Oi",-114,[4,"c68LU3BtBDzYGt5YqVN88P",[[2,"P_BackgroundWall_B10",["_name"],81],[0,["_lpos"],81,[1,31.5,0,-0.5]],[0,["_lrot"],81,[3,0,0,0,1]]]],29]],[5,1,[3,"8bnh6pVUtVhKew/4l+SS5s",-115,[4,"43A7AQlBZKA6sYNPEa1V0A",[[2,"P_BackgroundWall_B11",["_name"],82],[0,["_lpos"],82,[1,19.5,0,-0.5]],[0,["_lrot"],82,[3,0,0,0,1]]]],30]],[5,1,[3,"0347laM+1Tp7bLpSfpP9Oi",-116,[4,"e00JSHxztG55//2oUxr6O9",[[2,"P_BackgroundWall_B12",["_name"],83],[0,["_lpos"],83,[1,39.5,0,-0.5]],[0,["_lrot"],83,[3,0,0,0,1]]]],31]],[5,1,[3,"0347laM+1Tp7bLpSfpP9Oi",-117,[4,"34BlijZlpHt5sZ6I+p/hf/",[[2,"P_BackgroundWall_B13",["_name"],84],[0,["_lpos"],84,[1,43.5,0,-0.5]],[0,["_lrot"],84,[3,0,0,0,1]]]],32]],[5,1,[3,"0347laM+1Tp7bLpSfpP9Oi",-118,[4,"22+PNhIBRB3r5G0JF8mcrf",[[2,"P_BackgroundWall_B14",["_name"],85],[0,["_lpos"],85,[1,47.5,0,-0.5]],[0,["_lrot"],85,[3,0,0,0,1]]]],33]],[5,1,[3,"72u3OSqyddcK6IFmRqxzSc",-119,[4,"c4Uzgwh1hC65Nx8WP2gblo",[[2,"P_BackgroundWallCornerInside_B01",["_name"],86],[0,["_lpos"],86,[1,51.5,0,-0.5]],[0,["_lrot"],86,[3,0,0,0,1]]]],34]],[5,1,[3,"72u3OSqyddcK6IFmRqxzSc",-120,[4,"1fa518JJdPsY3YFZA6UHBU",[[2,"P_BackgroundWallCornerInside_B02",["_name"],17],[0,["_lpos"],17,[1,-0.5,0,-0.5]],[0,["_lrot"],17,[3,0,0.7071067811865475,0,0.7071067811865476]],[0,["_euler"],17,[1,0,89.99999999999999,0]]]],35]],[5,1,[3,"0347laM+1Tp7bLpSfpP9Oi",-121,[4,"5fh/Id2DZAP7pcTSH8kjyt",[[2,"P_BackgroundWall_B15",["_name"],18],[0,["_lpos"],18,[1,-0.5,0,3.5]],[0,["_lrot"],18,[3,0,0.7071067811865475,0,0.7071067811865476]],[0,["_euler"],18,[1,0,89.99999999999999,0]]]],36]],[5,1,[3,"8bnh6pVUtVhKew/4l+SS5s",-122,[4,"cfUMCuRnNLroPnsrj3ihN3",[[2,"P_BackgroundWall_B16",["_name"],19],[0,["_lpos"],19,[1,-0.5,0,7.5]],[0,["_lrot"],19,[3,0,0.7071067811865475,0,0.7071067811865476]],[0,["_euler"],19,[1,0,89.99999999999999,0]]]],37]],[5,1,[3,"1brRlNtuFVWY2YUP/1v5zX",-123,[4,"82FtZE2GFLNJz4B+mlJ8ju",[[2,"P_BackgroundWall_B17",["_name"],20],[0,["_lpos"],20,[1,-0.5,0,11.5]],[0,["_lrot"],20,[3,0,0.7071067811865475,0,0.7071067811865476]],[0,["_euler"],20,[1,0,89.99999999999999,0]]]],38]],[5,1,[3,"0347laM+1Tp7bLpSfpP9Oi",-124,[4,"8alWnoJlZBhYPlFoYeGaOl",[[2,"P_BackgroundWall_B18",["_name"],21],[0,["_lpos"],21,[1,-0.5,0,15.5]],[0,["_lrot"],21,[3,0,0.7071067811865475,0,0.7071067811865476]],[0,["_euler"],21,[1,0,89.99999999999999,0]]]],39]],[5,1,[3,"8bnh6pVUtVhKew/4l+SS5s",-125,[4,"cd+lISPaZGY4pu1lQhrJda",[[2,"P_BackgroundWall_B19",["_name"],22],[0,["_lpos"],22,[1,-0.5,0,19.5]],[0,["_lrot"],22,[3,0,0.7071067811865475,0,0.7071067811865476]],[0,["_euler"],22,[1,0,89.99999999999999,0]]]],40]],[5,1,[3,"1brRlNtuFVWY2YUP/1v5zX",-126,[4,"afZaIueStNW73Q4OzZMLzd",[[2,"P_BackgroundWall_B20",["_name"],23],[0,["_lpos"],23,[1,-0.5,0,23.5]],[0,["_lrot"],23,[3,0,0.7071067811865475,0,0.7071067811865476]],[0,["_euler"],23,[1,0,89.99999999999999,0]]]],41]],[5,1,[3,"1brRlNtuFVWY2YUP/1v5zX",-127,[4,"f80j48U4dNoKC1KDHlBJhf",[[2,"P_BackgroundWall_B21",["_name"],24],[0,["_lpos"],24,[1,-0.5,0,27.5]],[0,["_lrot"],24,[3,0,0.7071067811865475,0,0.7071067811865476]],[0,["_euler"],24,[1,0,89.99999999999999,0]]]],42]],[5,1,[3,"8bnh6pVUtVhKew/4l+SS5s",-128,[4,"4fXW08HrZPy4HpeSwggdpb",[[2,"P_BackgroundWall_B22",["_name"],25],[0,["_lpos"],25,[1,-0.5,0,31.5]],[0,["_lrot"],25,[3,0,0.7071067811865475,0,0.7071067811865476]],[0,["_euler"],25,[1,0,89.99999999999999,0]]]],43]],[5,1,[3,"1brRlNtuFVWY2YUP/1v5zX",-129,[4,"e6ls5G6CBECrF5uGvzzCb4",[[2,"P_BackgroundWall_B23",["_name"],26],[0,["_lpos"],26,[1,-0.5,0,35.5]],[0,["_lrot"],26,[3,0,0.7071067811865475,0,0.7071067811865476]],[0,["_euler"],26,[1,0,89.99999999999999,0]]]],44]],[5,1,[3,"0347laM+1Tp7bLpSfpP9Oi",-130,[4,"f15iKI+ulPQYPsul6S8YJF",[[2,"P_BackgroundWall_B24",["_name"],27],[0,["_lpos"],27,[1,-0.5,0,39.5]],[0,["_lrot"],27,[3,0,0.7071067811865475,0,0.7071067811865476]],[0,["_euler"],27,[1,0,89.99999999999999,0]]]],45]],[5,1,[3,"8bnh6pVUtVhKew/4l+SS5s",-131,[4,"52XiW6pn9FEooOSkX0xL8b",[[2,"P_BackgroundWall_B25",["_name"],28],[0,["_lpos"],28,[1,-0.5,0,43.5]],[0,["_lrot"],28,[3,0,0.7071067811865475,0,0.7071067811865476]],[0,["_euler"],28,[1,0,89.99999999999999,0]]]],46]],[5,1,[3,"0347laM+1Tp7bLpSfpP9Oi",-132,[4,"c71pOMvQtMOrWNrIvvzy7P",[[2,"P_BackgroundWall_B26",["_name"],29],[0,["_lpos"],29,[1,-0.5,0,47.5]],[0,["_lrot"],29,[3,0,0.7071067811865475,0,0.7071067811865476]],[0,["_euler"],29,[1,0,89.99999999999999,0]]]],47]],[5,1,[3,"0347laM+1Tp7bLpSfpP9Oi",-133,[4,"25xpXRFXVJ25plMVWWgdSc",[[2,"P_BackgroundWall_B27",["_name"],30],[0,["_lpos"],30,[1,-0.5,0,51.5]],[0,["_lrot"],30,[3,0,0.7071067811865475,0,0.7071067811865476]],[0,["_euler"],30,[1,0,89.99999999999999,0]]]],48]],[5,1,[3,"0347laM+1Tp7bLpSfpP9Oi",-134,[4,"24w4e/ooVD5LlwZZiZaS2i",[[2,"P_BackgroundWall_B28",["_name"],31],[0,["_lpos"],31,[1,-0.5,0,3.5]],[0,["_lrot"],31,[3,0,0.7071067811865475,0,0.7071067811865476]],[0,["_euler"],31,[1,0,89.99999999999999,0]]]],49]],[5,1,[3,"0347laM+1Tp7bLpSfpP9Oi",-135,[4,"1dY0A+w1xP2ZGSof41o/8Y",[[2,"P_BackgroundWall_B29",["_name"],32],[0,["_lpos"],32,[1,3.5,0,51.5]],[0,["_lrot"],32,[3,0,1,0,6.123233995736766e-17]],[0,["_euler"],32,[1,0,180,0]]]],50]],[5,1,[3,"8bnh6pVUtVhKew/4l+SS5s",-136,[4,"73rkItytJL3ZZHvNQojjFK",[[2,"P_BackgroundWall_B30",["_name"],33],[0,["_lpos"],33,[1,7.5,0,51.5]],[0,["_lrot"],33,[3,0,1,0,6.123233995736766e-17]],[0,["_euler"],33,[1,0,180,0]]]],51]],[5,1,[3,"1brRlNtuFVWY2YUP/1v5zX",-137,[4,"6fsr2lCslP2ZcEz7q5d6XX",[[2,"P_BackgroundWall_B31",["_name"],34],[0,["_lpos"],34,[1,11.5,0,51.5]],[0,["_lrot"],34,[3,0,1,0,6.123233995736766e-17]],[0,["_euler"],34,[1,0,180,0]]]],52]],[5,1,[3,"0347laM+1Tp7bLpSfpP9Oi",-138,[4,"1fzfVEo7BKxbdx3+EneUL6",[[2,"P_BackgroundWall_B32",["_name"],35],[0,["_lpos"],35,[1,15.5,0,51.5]],[0,["_lrot"],35,[3,0,1,0,6.123233995736766e-17]],[0,["_euler"],35,[1,0,180,0]]]],53]],[5,1,[3,"8bnh6pVUtVhKew/4l+SS5s",-139,[4,"f6A6CW+T1PnJduaF8Qa0RY",[[2,"P_BackgroundWall_B33",["_name"],36],[0,["_lpos"],36,[1,19.5,0,51.5]],[0,["_lrot"],36,[3,0,1,0,6.123233995736766e-17]],[0,["_euler"],36,[1,0,180,0]]]],54]],[5,1,[3,"1brRlNtuFVWY2YUP/1v5zX",-140,[4,"157BtRf2NL/4QFwUT5tjnh",[[2,"P_BackgroundWall_B34",["_name"],37],[0,["_lpos"],37,[1,23.5,0,51.5]],[0,["_lrot"],37,[3,0,1,0,6.123233995736766e-17]],[0,["_euler"],37,[1,0,180,0]]]],55]],[5,1,[3,"1brRlNtuFVWY2YUP/1v5zX",-141,[4,"b5+6JujPJOgaYjyfvwwzlk",[[2,"P_BackgroundWall_B35",["_name"],38],[0,["_lpos"],38,[1,27.5,0,51.5]],[0,["_lrot"],38,[3,0,1,0,6.123233995736766e-17]],[0,["_euler"],38,[1,0,180,0]]]],56]],[5,1,[3,"8bnh6pVUtVhKew/4l+SS5s",-142,[4,"eeMyrsyDlO3oi56r5OxjD9",[[2,"P_BackgroundWall_B36",["_name"],39],[0,["_lpos"],39,[1,31.5,0,51.5]],[0,["_lrot"],39,[3,0,1,0,6.123233995736766e-17]],[0,["_euler"],39,[1,0,180,0]]]],57]],[5,1,[3,"1brRlNtuFVWY2YUP/1v5zX",-143,[4,"3bMz8elj5BXL1W9w4/mXtY",[[2,"P_BackgroundWall_B37",["_name"],40],[0,["_lpos"],40,[1,35.5,0,51.5]],[0,["_lrot"],40,[3,0,1,0,6.123233995736766e-17]],[0,["_euler"],40,[1,0,180,0]]]],58]],[5,1,[3,"0347laM+1Tp7bLpSfpP9Oi",-144,[4,"cbw3oxHXpEsb6r5Inn7+yq",[[2,"P_BackgroundWall_B38",["_name"],41],[0,["_lpos"],41,[1,39.5,0,51.5]],[0,["_lrot"],41,[3,0,1,0,6.123233995736766e-17]],[0,["_euler"],41,[1,0,180,0]]]],59]],[5,1,[3,"8bnh6pVUtVhKew/4l+SS5s",-145,[4,"banH9fBptGz77qAXEx5uba",[[2,"P_BackgroundWall_B39",["_name"],42],[0,["_lpos"],42,[1,43.5,0,51.5]],[0,["_lrot"],42,[3,0,1,0,6.123233995736766e-17]],[0,["_euler"],42,[1,0,180,0]]]],60]],[5,1,[3,"0347laM+1Tp7bLpSfpP9Oi",-146,[4,"c6ULrKuV9O87GWgTas2GeW",[[2,"P_BackgroundWall_B40",["_name"],43],[0,["_lpos"],43,[1,47.5,0,51.5]],[0,["_lrot"],43,[3,0,1,0,6.123233995736766e-17]],[0,["_euler"],43,[1,0,180,0]]]],61]],[5,1,[3,"0347laM+1Tp7bLpSfpP9Oi",-147,[4,"f5USAjxfBJ767Wbqhrf2tD",[[2,"P_BackgroundWall_B41",["_name"],44],[0,["_lpos"],44,[1,51.5,0,51.5]],[0,["_lrot"],44,[3,0,1,0,6.123233995736766e-17]],[0,["_euler"],44,[1,0,180,0]]]],62]],[5,1,[3,"0347laM+1Tp7bLpSfpP9Oi",-148,[4,"ceJGA8JqlOPpsQ6tJKtdV2",[[2,"P_BackgroundWall_B42",["_name"],45],[0,["_lpos"],45,[1,51.5,0,47.5]],[0,["_lrot"],45,[3,0,-0.7071067811865475,0,0.7071067811865476]],[0,["_euler"],45,[1,0,-89.99999999999999,0]]]],63]],[5,1,[3,"0347laM+1Tp7bLpSfpP9Oi",-149,[4,"5eGxqggAtLEJGvM4KlgG6Q",[[2,"P_BackgroundWall_B43",["_name"],46],[0,["_lpos"],46,[1,51.5,0,43.5]],[0,["_lrot"],46,[3,0,-0.7071067811865475,0,0.7071067811865476]],[0,["_euler"],46,[1,0,-89.99999999999999,0]]]],64]],[5,1,[3,"8bnh6pVUtVhKew/4l+SS5s",-150,[4,"1brPWLsw9FtpglxFEPxcPR",[[2,"P_BackgroundWall_B44",["_name"],47],[0,["_lpos"],47,[1,51.5,0,39.5]],[0,["_lrot"],47,[3,0,-0.7071067811865475,0,0.7071067811865476]],[0,["_euler"],47,[1,0,-89.99999999999999,0]]]],65]],[5,1,[3,"1brRlNtuFVWY2YUP/1v5zX",-151,[4,"80LKdjMPRFVKTQfIX6x7xB",[[2,"P_BackgroundWall_B45",["_name"],48],[0,["_lpos"],48,[1,51.5,0,35.5]],[0,["_lrot"],48,[3,0,-0.7071067811865475,0,0.7071067811865476]],[0,["_euler"],48,[1,0,-89.99999999999999,0]]]],66]],[5,1,[3,"1brRlNtuFVWY2YUP/1v5zX",-152,[4,"98jHe4zVBHc46E6TNROUIR",[[2,"P_BackgroundWall_B46",["_name"],49],[0,["_lpos"],49,[1,51.5,0,31.5]],[0,["_lrot"],49,[3,0,-0.7071067811865475,0,0.7071067811865476]],[0,["_euler"],49,[1,0,-89.99999999999999,0]]]],67]],[5,1,[3,"8bnh6pVUtVhKew/4l+SS5s",-153,[4,"c6xj8K6BFOirwpYQm17XL5",[[2,"P_BackgroundWall_B47",["_name"],50],[0,["_lpos"],50,[1,51.5,0,27.5]],[0,["_lrot"],50,[3,0,-0.7071067811865475,0,0.7071067811865476]],[0,["_euler"],50,[1,0,-89.99999999999999,0]]]],68]],[5,1,[3,"1brRlNtuFVWY2YUP/1v5zX",-154,[4,"46wjf/nrJJr4SS/6vxUO+2",[[2,"P_BackgroundWall_B48",["_name"],51],[0,["_lpos"],51,[1,51.5,0,23.5]],[0,["_lrot"],51,[3,0,-0.7071067811865475,0,0.7071067811865476]],[0,["_euler"],51,[1,0,-89.99999999999999,0]]]],69]],[5,1,[3,"0347laM+1Tp7bLpSfpP9Oi",-155,[4,"2bvY2b6pNGyryABHSxFWrV",[[2,"P_BackgroundWall_B49",["_name"],52],[0,["_lpos"],52,[1,51.5,0,19.5]],[0,["_lrot"],52,[3,0,-0.7071067811865475,0,0.7071067811865476]],[0,["_euler"],52,[1,0,-89.99999999999999,0]]]],70]],[5,1,[3,"8bnh6pVUtVhKew/4l+SS5s",-156,[4,"6b+TaDZT1NC6LNc32RhyCG",[[2,"P_BackgroundWall_B50",["_name"],53],[0,["_lpos"],53,[1,51.5,0,15.5]],[0,["_lrot"],53,[3,0,-0.7071067811865475,0,0.7071067811865476]],[0,["_euler"],53,[1,0,-89.99999999999999,0]]]],71]],[5,1,[3,"0347laM+1Tp7bLpSfpP9Oi",-157,[4,"54rIaLnqhCMLFjqq+xUMk4",[[2,"P_BackgroundWall_B51",["_name"],54],[0,["_lpos"],54,[1,51.5,0,11.5]],[0,["_lrot"],54,[3,0,-0.7071067811865475,0,0.7071067811865476]],[0,["_euler"],54,[1,0,-89.99999999999999,0]]]],72]],[5,1,[3,"0347laM+1Tp7bLpSfpP9Oi",-158,[4,"12KDruoYJEfZ/tUqdugSII",[[2,"P_BackgroundWall_B52",["_name"],55],[0,["_lpos"],55,[1,51.5,0,7.5]],[0,["_lrot"],55,[3,0,-0.7071067811865475,0,0.7071067811865476]],[0,["_euler"],55,[1,0,-89.99999999999999,0]]]],73]],[5,1,[3,"8bnh6pVUtVhKew/4l+SS5s",-159,[4,"63fpzLEh9IqbdviSWXHv+1",[[2,"P_BackgroundWall_B53",["_name"],56],[0,["_lpos"],56,[1,51.5,0,3.5]],[0,["_lrot"],56,[3,0,-0.7071067811865475,0,0.7071067811865476]],[0,["_euler"],56,[1,0,-89.99999999999999,0]]]],74]],[5,1,[3,"0347laM+1Tp7bLpSfpP9Oi",-160,[4,"99rwO1eVVLz6fxBLeFx6lr",[[2,"P_BackgroundWall_B54",["_name"],57],[0,["_lpos"],57,[1,51.5,0,-0.5]],[0,["_lrot"],57,[3,0,-0.7071067811865475,0,0.7071067811865476]],[0,["_euler"],57,[1,0,-89.99999999999999,0]]]],75]],[5,1,[3,"72u3OSqyddcK6IFmRqxzSc",-161,[4,"186cyAs39Bfa1SJi/bdZXJ",[[2,"P_BackgroundWallCornerInside_B03",["_name"],58],[0,["_lpos"],58,[1,-0.5,0,51.5]],[0,["_lrot"],58,[3,0,1,0,6.123233995736766e-17]],[0,["_euler"],58,[1,0,180,0]]]],76]],[5,1,[3,"72u3OSqyddcK6IFmRqxzSc",-162,[4,"eaF5SxBwtC2Lls3rKubmig",[[2,"P_BackgroundWallCornerInside_B04",["_name"],59],[0,["_lpos"],59,[1,51.5,0,51.5]],[0,["_lrot"],59,[3,0,-0.7071067811865475,0,0.7071067811865476]],[0,["_euler"],59,[1,0,-89.99999999999999,0]]]],77]],[5,1,[3,"81MtynVuBTj40iFS4caE67",-163,[4,"31r686GHtMP4+1N8ZtXU0M",[[2,"P_Rocks_01",["_name"],87],[0,["_lpos"],87,[1,-1.567,0,52.218]],[0,["_lrot"],87,[3,0,0,0,1]]]],78]],[5,1,[3,"81MtynVuBTj40iFS4caE67",-164,[4,"4bDIgRq4JL0rN90Q2PXtzO",[[2,"P_Rocks_02",["_name"],9],[0,["_lpos"],9,[1,45.22,0,52.935]],[0,["_lrot"],9,[3,0,0.9824292309227887,0,-0.1866354902703613]],[0,["_euler"],9,[1,0,-158.48700000000002,0]],[0,["_lscale"],9,[1,0.8889999999999998,0.889,0.8889999999999998]]]],79]],[5,1,[3,"81MtynVuBTj40iFS4caE67",-165,[4,"d2L2aeuT1BmpnE27FGjj92",[[2,"P_Rocks_03",["_name"],10],[0,["_lpos"],10,[1,53.506,0,24.03]],[0,["_lrot"],10,[3,0,-0.5631006392749427,0,0.826388328843136]],[0,["_euler"],10,[1,0,-68.54099999999998,0]],[0,["_lscale"],10,[1,1.2559999999999998,1.256,1.2559999999999998]]]],80]],[5,1,[3,"82JT1Pkp1Z1KsOLKS16Jya",-166,[4,"8eB35Tw/RCUpSO+5jV2j0d",[[2,"P_Rocks_02",["_name"],60],[0,["_lpos"],60,[1,49.404,0,52.691]],[0,["_lrot"],60,[3,0,0.8763529210392328,0,-0.4816695524797101]],[0,["_euler"],60,[1,0,-122.41100000000006,0]]]],81]],[5,1,[3,"82JT1Pkp1Z1KsOLKS16Jya",-167,[4,"d1EFMMtu1MUZgFLBkq6+ah",[[2,"P_Rocks_04",["_name"],61],[0,["_lpos"],61,[1,0.134,0,52.714]],[0,["_lrot"],61,[3,0,0.8763529210392328,0,-0.4816695524797101]],[0,["_euler"],61,[1,0,-122.41100000000006,0]]]],82]],[5,1,[3,"82JT1Pkp1Z1KsOLKS16Jya",-168,[4,"196aOuW+xBnYGYCOSe7D0A",[[2,"P_Rocks_05",["_name"],62],[0,["_lpos"],62,[1,-2.493,0,43.098]],[0,["_lrot"],62,[3,0,-0.010812104046322856,0,0.9999415474946981]],[0,["_euler"],62,[1,0,-1.2390000000000034,0]]]],83]],[5,1,[3,"82JT1Pkp1Z1KsOLKS16Jya",-169,[4,"a7wZVVKc1DjabDePXaU4w/",[[2,"P_Rocks_06",["_name"],63],[0,["_lpos"],63,[1,-2.582,0,4.321]],[0,["_lrot"],63,[3,0,-0.010812104046322856,0,0.9999415474946981]],[0,["_euler"],63,[1,0,-1.2390000000000034,0]]]],84]],[5,1,[3,"82JT1Pkp1Z1KsOLKS16Jya",-170,[4,"2f0sL/Z7tKKpoiDBr55QWn",[[2,"P_Rocks_07",["_name"],64],[0,["_lpos"],64,[1,18.818,0,-1.161]],[0,["_lrot"],64,[3,0,-0.22636231297764225,0,0.9740431732030218]],[0,["_euler"],64,[1,0,-26.166000000000025,0]]]],85]],[5,1,[3,"82JT1Pkp1Z1KsOLKS16Jya",-171,[4,"56Qcgg+pZB6opkXF3BEjT/",[[2,"P_Rocks_08",["_name"],65],[0,["_lpos"],65,[1,53.089,0,-1.223]],[0,["_lrot"],65,[3,0,-0.22636231297764225,0,0.9740431732030218]],[0,["_euler"],65,[1,0,-26.166000000000025,0]]]],86]],[5,1,[3,"82JT1Pkp1Z1KsOLKS16Jya",-172,[35,"a66JYFmmFFyJTxXdEWCiJ4",null,[[22,"P_Rocks_09",["_name"],[1,["82JT1Pkp1Z1KsOLKS16Jya"]]],[8,["_lpos"],[1,["82JT1Pkp1Z1KsOLKS16Jya"]],[1,7.034,0,-2.456]],[8,["_lrot"],[1,["82JT1Pkp1Z1KsOLKS16Jya"]],[3,0,0.4121902923219951,0,0.9110977790092062]],[8,["_euler"],[1,["82JT1Pkp1Z1KsOLKS16Jya"]],[1,0,48.68499999999999,0]],[8,["_lscale"],[1,["82JT1Pkp1Z1KsOLKS16Jya"]],[1,1.79,1.79,1.79]]]],87]],[5,1,[3,"b1oCHYDENR1KDU8s4SKbUj",-173,[4,"95ODyjKEVBAZXjY590H50V",[[2,"P_Rocks_03",["_name"],88],[0,["_lpos"],88,[1,-1.967,0,1.187]],[0,["_lrot"],88,[3,0,0,0,1]]]],88]],[5,1,[3,"42KllKBR9aApVT+aRn4/ze",-174,[4,"a9HQjO4qhKDJuBrLmqW0fa",[[2,"P_BackgroundFloorTop_B01",["_name"],11],[0,["_lpos"],11,[1,75.5,0,55.5]],[0,["_lrot"],11,[3,0,1,0,6.123233995736766e-17]],[0,["_euler"],11,[1,0,180,0]],[0,["_lscale"],11,[1,25,1,5]]]],89]],[5,1,[3,"42KllKBR9aApVT+aRn4/ze",-175,[4,"90d9JnVAJFtbq9hXvaaqAj",[[2,"P_BackgroundFloorTop_B02",["_name"],12],[0,["_lpos"],12,[1,-24.5,0,-4.5]],[0,["_lrot"],12,[3,0,0,0,1]],[0,["_euler"],12,[1,0,0,0]],[0,["_lscale"],12,[1,25,1,5]]]],90]],[5,1,[3,"42KllKBR9aApVT+aRn4/ze",-176,[4,"84PsiPBKJMhrrSREISGXai",[[2,"P_BackgroundFloorTop_B03",["_name"],13],[0,["_lpos"],13,[1,-4.5,0,55.5]],[0,["_lrot"],13,[3,0,0.7071067811865475,0,0.7071067811865476]],[0,["_euler"],13,[1,0,89.99999999999999,0]],[0,["_lscale"],13,[1,15,1,5]]]],91]],[5,1,[3,"42KllKBR9aApVT+aRn4/ze",-177,[4,"a4EWszomJE1KQPokiu7ftA",[[2,"P_BackgroundFloorTop_B04",["_name"],14],[0,["_lpos"],14,[1,55.5,0,-4.5]],[0,["_lrot"],14,[3,0,-0.7071067811865475,0,0.7071067811865476]],[0,["_euler"],14,[1,0,-89.99999999999999,0]],[0,["_lscale"],14,[1,15,1,5]]]],92]]],0,[0,-1,102,0,-2,103,0,-3,104,0,-4,105,0,-5,106,0,-6,107,0,-7,108,0,-8,109,0,-9,110,0,-10,111,0,-11,112,0,-12,113,0,-13,114,0,-14,115,0,-15,116,0,-16,117,0,-17,118,0,-18,119,0,-19,120,0,-20,121,0,-21,122,0,-22,123,0,-23,124,0,-24,125,0,-25,126,0,-26,127,0,-27,128,0,-28,129,0,-29,130,0,-30,131,0,-31,132,0,-32,133,0,-33,134,0,-34,135,0,-35,136,0,-36,137,0,-37,138,0,-38,139,0,-39,140,0,-40,141,0,-41,142,0,-42,143,0,-43,144,0,-44,145,0,-45,146,0,-46,147,0,-47,148,0,-48,149,0,-49,150,0,-50,151,0,-51,152,0,-52,153,0,-53,154,0,-54,155,0,-55,156,0,-56,157,0,-57,158,0,-58,159,0,-59,160,0,-60,161,0,-61,162,0,-62,163,0,-63,164,0,-64,165,0,-65,166,0,-66,167,0,-67,168,0,-68,169,0,-69,170,0,-70,171,0,-71,172,0,-72,173,0,-73,174,0,-74,175,0,6,2,0,-2,89,0,-3,90,0,-4,91,0,-5,92,0,-6,93,0,-7,94,0,-8,95,0,-9,96,0,-10,97,0,-11,98,0,-12,99,0,6,2,0,-14,100,0,6,2,0,-16,101,0,0,89,0,0,90,0,2,91,0,0,92,0,0,93,0,0,94,0,0,95,0,0,96,0,0,97,0,0,98,0,0,99,0,0,100,0,2,101,0,0,102,0,0,103,0,0,104,0,0,105,0,0,106,0,0,107,0,0,108,0,0,109,0,0,110,0,0,111,0,0,112,0,0,113,0,0,114,0,0,115,0,0,116,0,0,117,0,0,118,0,0,119,0,0,120,0,0,121,0,0,122,0,0,123,0,0,124,0,0,125,0,0,126,0,0,127,0,0,128,0,0,129,0,0,130,0,0,131,0,0,132,0,0,133,0,0,134,0,0,135,0,0,136,0,0,137,0,0,138,0,0,139,0,0,140,0,0,141,0,0,142,0,0,143,0,0,144,0,0,145,0,0,146,0,0,147,0,0,148,0,0,149,0,0,150,0,0,151,0,0,152,0,0,153,0,0,154,0,0,155,0,0,156,0,0,157,0,0,158,0,0,159,0,0,160,0,0,161,0,0,162,0,0,163,0,0,164,0,0,165,0,0,166,0,0,167,0,0,168,0,0,169,0,0,170,0,0,171,0,0,172,0,0,173,0,0,174,0,0,175,0,9,2,1,6,2,177],[0,0,0,0,0,0,0,0,0,0,0,0,0,0,0,0,0,0,0,0,0,0,0,0,0,0,0,0,0,0,0,0,0,0,0,0,0,0,0,0,0,0,0,0,0,0,0,0,0,0,0,0,0,0,0,0,0,0,0,0,0,0,0,0,0,0,0,0,0,0,0,0,0,0,0,0,0,0,0,0,0,0,0,0,0,0,0,0,0,0,0,0,0],[1,1,1,1,1,1,1,5,1,5,5,5,5,5,5,1,1,1,1,5,1,1,1,1,1,1,1,1,1,1,1,1,1,1,1,1,1,1,1,1,1,1,1,1,1,1,1,1,1,1,1,1,1,1,1,1,1,1,1,1,1,1,1,1,1,1,1,1,1,1,1,1,1,1,1,1,1,1,1,1,1,1,1,1,1,1,1,1,1,1,1,1,1],[12,13,14,15,16,17,18,10,19,20,21,22,23,24,10,25,26,27,28,29,0,1,2,0,1,2,2,1,2,0,1,0,0,0,5,5,0,1,2,0,1,2,2,1,2,0,1,0,0,0,0,1,2,0,1,2,2,1,2,0,1,0,0,0,0,1,2,2,1,2,0,1,0,0,1,0,5,5,8,8,8,4,4,4,4,4,4,4,30,6,6,6,6]],[[[10,".bin",10668,194315261,[{"primitives":[{"primitiveMode":7,"vertexBundelIndices":[0],"indexView":{"offset":9168,"length":1284,"count":321,"stride":4}},{"primitiveMode":7,"vertexBundelIndices":[1],"indexView":{"offset":10644,"length":24,"count":6,"stride":4}}],"vertexBundles":[{"view":{"offset":0,"length":9168,"count":191,"stride":48},"attributes":[{"name":"a_position","format":32,"isNormalized":false},{"name":"a_normal","format":32,"isNormalized":false},{"name":"a_texCoord","format":21,"isNormalized":false},{"name":"a_tangent","format":44,"isNormalized":false}]},{"view":{"offset":10452,"length":192,"count":4,"stride":48},"attributes":[{"name":"a_position","format":32,"isNormalized":false},{"name":"a_normal","format":32,"isNormalized":false},{"name":"a_texCoord","format":21,"isNormalized":false},{"name":"a_tangent","format":44,"isNormalized":false}]}]},"minPosition",8,[1,-0.0009329635067842901,-0.0019080750644207,-0.03999999910593033],"maxPosition",8,[1,0.03999999910593033,0.02029212936758995,0.0009329470922239125]]]],0,0,[],[],[]],[[[9,"P_Cube_B01"],[11,"P_Cube_B01",[-2],[6,"db0LbgXcZfmb9rH02Uec5y",-1,0]],[15,"Cube_B01.002",1,[[12,-3,[7,"348zT7ZptcPYQcxUYl1vQd"],[0],[13],1]],[6,"0aM5D1Pl9fYZGm4kVck7fc",1,0],[3,-0.7071067811865475,0,0,0.7071067811865476],[1,100,100,100],[1,-90,0,0]]],0,[0,0,1,0,-1,2,0,2,2,0,3,1,3],[0,0],[-1,4],[3,31]],[[[9,"P_Barrel_B01"],[11,"P_Barrel_B01",[-2],[6,"17KuteM75ZnIu2xbdOIHUV",-1,0]],[15,"Barrel_B01.002",1,[[12,-3,[7,"a9qS6sOQNbGrfnNQH+cPNF"],[0],[13],1]],[6,"36+7d8AAtRuKV8Fa904LcW",1,0],[3,-0.7071067811865475,0,0,0.7071067811865476],[1,100,100,100],[1,-90,0,0]]],0,[0,0,1,0,-1,2,0,2,2,0,3,1,3],[0,0],[-1,4],[3,32]],[[[9,"P_BackgroundFloorTop_B01"],[11,"P_BackgroundFloorTop_B01",[-2],[6,"42KllKBR9aApVT+aRn4/ze",-1,0]],[16,"BackgroundFloorTop_B01.001",1,[[12,-3,[7,"38xRYpyx5UgZ7iTditx4vq"],[0],[13],1]],[6,"6apHKY109Y0pwS9qTemBFn",1,0],[1,100,100,100]]],0,[0,0,1,0,-1,2,0,2,2,0,3,1,3],[0,0],[-1,4],[3,33]],[[[38,"map_level_01",{"compressionlevel":-1,"height":52,"infinite":false,"nextlayerid":7,"nextobjectid":1,"orientation":"orthogonal","renderorder":"right-down","tiledversion":"1.6.0","tileheight":128,"tilewidth":128,"type":"map","version":"1.6","width":52,"editorsettings":{"export":{"format":"json","target":"map_level_01.json"}},"layers":[{"height":52,"id":6,"name":"Navigation - Must always be the bottom layer","opacity":1,"type":"tilelayer","visible":true,"width":52,"x":0,"y":0,"data":[2,1,1,1,1,1,2,2,2,2,2,1,2,1,1,2,2,2,2,2,2,2,2,2,2,2,2,2,2,1,2,1,1,2,1,2,2,2,2,2,2,2,1,2,2,1,2,2,1,2,1,2,1,0,0,0,0,0,0,0,0,0,0,0,0,0,2,2,2,0,0,0,0,1,4,4,0,0,0,0,0,2,1,0,0,0,1,2,4,0,0,0,1,2,2,0,0,0,0,0,0,0,0,1,1,0,0,0,0,0,0,0,0,0,0,0,0,0,2,2,2,0,0,0,0,4,4,4,0,0,0,0,0,2,1,0,0,0,4,2,2,0,0,0,1,2,2,0,0,0,0,0,0,0,0,1,1,0,0,0,0,0,0,0,0,0,0,0,0,2,2,2,2,0,0,0,0,0,0,0,0,0,0,0,0,0,0,0,0,0,0,0,0,0,0,0,0,0,0,0,0,0,0,0,0,0,0,1,1,0,0,0,0,0,0,0,0,0,0,0,0,0,0,0,0,0,0,0,0,0,0,0,0,0,0,0,0,0,0,0,0,0,0,0,0,0,0,0,0,0,0,0,0,0,0,0,0,0,0,2,1,0,0,0,0,0,0,0,0,0,0,0,0,0,0,0,0,0,0,0,0,0,0,0,0,0,0,0,0,0,0,0,0,0,0,0,0,0,0,0,0,0,0,0,0,0,0,0,0,0,0,1,1,0,0,0,0,0,0,0,0,0,0,0,0,0,0,0,0,0,0,0,0,0,0,0,2,2,2,0,0,0,0,0,0,0,0,0,0,0,0,0,0,0,0,0,0,0,0,0,0,0,0,1,1,0,0,0,0,0,0,0,0,0,0,0,0,0,0,0,0,0,0,0,0,0,0,0,4,2,4,0,0,0,0,0,0,0,0,0,0,0,0,0,0,0,0,0,0,0,4,2,0,0,0,1,2,0,0,0,2,1,0,0,0,0,0,0,0,0,0,0,0,0,0,0,0,0,0,0,0,0,0,0,0,0,0,0,0,0,0,0,0,0,0,0,0,0,0,0,0,0,4,2,0,0,0,2,1,0,0,0,2,1,0,0,0,0,0,2,2,2,2,2,1,2,2,2,2,1,0,0,0,0,0,0,0,1,2,2,2,2,2,2,2,2,2,2,0,0,0,0,0,0,4,4,0,0,0,2,1,0,0,0,0,0,0,0,0,0,0,2,0,0,0,0,0,0,0,0,4,4,0,0,0,0,0,0,0,4,4,0,0,0,0,0,0,0,1,2,0,0,0,0,0,0,0,0,0,0,0,2,1,0,0,0,0,0,0,0,0,0,0,2,0,0,0,0,0,0,0,0,0,0,0,0,0,0,0,0,0,0,0,0,0,0,0,0,0,0,1,2,0,0,0,0,0,0,0,0,0,0,0,2,1,0,0,0,0,0,0,0,0,0,0,2,0,0,0,0,0,0,0,0,0,0,0,0,0,0,0,0,0,0,0,0,0,0,0,0,0,0,0,0,0,0,0,2,0,0,0,0,0,0,0,2,1,0,0,0,0,0,0,2,0,0,0,0,0,0,0,0,0,0,0,0,0,0,0,0,0,0,0,0,0,0,0,0,0,0,0,0,0,0,0,0,0,0,0,2,0,0,0,0,0,0,0,2,1,1,1,0,0,0,0,2,0,0,0,0,0,0,0,0,0,0,0,0,0,0,0,0,0,0,0,0,0,0,0,0,0,0,0,0,0,0,0,0,0,0,0,2,0,0,0,4,0,0,0,2,1,1,1,0,0,0,2,2,2,0,0,0,0,0,0,0,0,0,0,0,0,0,0,1,0,0,0,2,0,0,0,0,0,0,0,0,0,0,0,0,0,0,0,2,0,0,0,4,0,0,0,2,1,0,0,0,0,0,2,1,2,2,0,0,0,0,0,0,0,1,1,1,1,1,1,1,0,0,0,2,2,0,0,0,0,0,0,0,0,0,0,0,0,0,0,2,0,0,0,4,0,0,0,2,1,0,0,0,0,0,2,0,0,0,0,0,0,0,0,0,0,2,0,0,0,0,0,0,0,0,0,2,2,2,2,2,1,0,0,0,0,0,0,0,0,0,0,2,0,0,0,0,0,0,0,2,2,0,0,0,0,0,2,0,0,0,0,0,0,0,0,0,0,2,0,0,0,0,0,0,0,0,0,0,0,0,0,0,1,0,0,0,2,0,0,0,0,0,0,2,0,0,0,0,0,0,0,2,1,0,0,0,0,0,2,0,0,0,0,0,0,0,0,0,0,2,0,0,0,0,0,0,0,0,0,0,0,0,0,0,1,0,0,0,2,0,0,0,0,0,1,2,0,0,0,0,0,0,0,2,1,1,4,0,0,0,2,1,0,0,0,0,0,0,0,0,0,2,0,0,0,0,0,0,0,0,0,0,0,0,0,0,1,2,2,2,2,0,0,0,0,0,1,2,0,0,0,0,0,4,1,2,1,1,4,0,0,0,0,0,0,0,0,0,0,0,2,2,2,2,0,0,0,0,0,0,0,0,0,0,0,0,0,0,1,0,0,0,0,0,0,0,0,0,0,0,0,0,0,0,0,2,2,2,1,0,0,0,0,0,0,0,0,0,0,0,0,0,0,0,0,0,0,0,0,0,0,0,0,0,0,0,0,0,0,0,2,0,0,0,0,0,0,0,0,0,0,0,0,0,0,0,0,4,1,2,1,0,0,0,0,0,0,0,0,0,2,0,0,0,0,0,0,0,0,0,0,0,0,0,0,0,0,0,0,0,0,0,0,0,0,0,0,0,0,0,0,0,0,0,0,0,0,0,0,0,0,2,1,0,0,0,0,0,0,0,0,0,2,0,0,0,0,0,0,0,0,0,0,0,0,0,0,0,0,0,0,0,0,0,0,0,0,0,0,0,0,0,0,0,0,0,0,0,0,0,0,0,0,2,1,0,0,0,4,4,4,0,0,0,1,0,0,0,2,4,0,0,0,0,0,0,0,0,0,0,0,0,0,0,0,0,0,0,0,0,0,0,0,0,2,2,2,2,0,0,0,0,0,0,0,1,1,0,0,0,4,4,4,0,0,0,0,0,0,0,0,1,0,0,0,0,0,0,0,0,0,0,0,0,0,0,0,0,0,0,0,0,0,0,0,0,2,2,1,2,0,0,0,0,0,4,2,2,1,0,0,0,0,0,0,0,0,0,0,0,0,0,0,2,0,0,0,0,0,0,0,0,0,0,0,0,0,0,0,0,1,2,2,0,0,0,0,0,0,0,0,2,0,0,0,0,0,2,2,2,1,0,0,0,0,0,0,0,0,0,0,0,0,0,0,2,0,0,0,0,0,0,0,0,0,0,0,0,0,0,0,0,1,0,0,0,0,0,0,0,0,0,0,2,0,0,0,0,0,0,0,2,1,1,0,0,0,0,0,0,0,0,0,0,0,0,0,2,0,0,0,0,0,0,0,0,0,0,0,0,0,0,0,0,1,0,0,0,0,0,0,0,0,0,0,2,0,0,0,0,0,0,0,2,1,1,0,0,0,0,2,2,2,4,0,0,0,0,0,0,2,1,2,1,2,2,0,0,0,0,4,4,2,2,2,1,2,0,0,0,0,0,0,0,0,0,0,2,0,0,0,0,0,0,0,2,1,0,0,0,0,0,2,2,1,1,0,0,0,0,0,0,1,1,0,0,0,0,0,0,0,0,0,0,0,2,0,0,0,0,0,0,0,0,0,0,0,0,0,2,0,0,0,0,0,0,0,2,1,0,0,0,0,0,2,2,0,0,0,0,0,0,0,0,1,1,0,0,0,0,0,0,0,0,0,0,0,2,0,0,0,0,0,0,0,0,0,0,0,0,1,2,0,0,0,0,0,4,2,2,1,0,0,0,0,0,2,2,0,0,0,0,4,0,0,0,0,0,0,0,0,0,0,0,0,0,0,0,0,4,0,0,0,0,0,0,0,4,0,0,0,0,4,1,0,0,0,0,0,2,4,2,1,0,0,0,0,0,2,2,0,0,0,0,4,0,0,0,0,0,0,0,0,0,0,0,0,0,0,0,0,4,0,0,0,0,0,0,0,4,0,0,0,4,2,1,0,0,0,0,0,0,0,2,1,0,0,0,0,0,2,2,0,0,0,0,4,4,4,0,0,0,0,0,0,0,0,4,2,4,0,0,0,0,0,0,0,0,0,4,4,4,0,0,0,0,0,2,0,0,0,0,0,0,0,2,1,0,0,0,0,0,2,2,0,0,0,0,0,0,0,0,0,0,0,0,0,0,0,4,2,4,0,0,0,0,0,0,0,0,0,0,0,0,0,0,0,0,0,1,0,0,0,0,0,0,0,2,2,0,0,0,0,0,0,0,0,0,0,0,0,0,0,0,0,0,0,0,0,0,0,0,0,0,0,0,0,0,0,0,0,0,0,0,0,0,0,0,0,0,0,4,0,0,0,0,0,0,0,2,1,0,0,0,0,0,0,0,0,0,0,0,0,0,0,0,0,1,0,0,0,0,0,0,0,0,0,0,0,0,0,0,0,0,0,0,0,0,0,0,0,0,0,4,0,0,0,0,0,0,0,1,2,0,0,0,0,0,0,0,0,0,0,4,2,0,0,0,0,1,0,0,0,0,0,0,0,0,0,0,4,4,1,1,0,0,0,1,1,0,0,0,0,0,0,0,0,0,0,0,0,0,0,1,2,0,0,0,0,0,0,0,0,0,0,4,2,0,0,0,0,2,2,2,2,2,0,0,0,0,0,2,2,2,2,2,2,2,2,2,2,2,2,2,0,0,0,0,0,0,0,0,0,0,0,1,1,0,0,0,2,2,0,0,0,2,2,2,2,2,2,2,2,2,2,0,0,0,0,0,0,0,0,0,0,0,0,0,0,0,0,0,0,0,0,0,0,0,0,0,0,0,0,2,0,0,0,1,1,0,0,0,2,2,0,0,0,0,0,0,0,0,0,0,0,0,0,0,0,0,0,0,0,0,0,0,0,0,0,0,0,0,0,0,0,0,0,0,0,0,0,0,0,0,0,2,0,0,0,1,1,0,0,0,2,2,0,0,0,0,0,0,0,0,0,0,0,0,0,0,0,0,0,0,0,0,0,0,0,0,0,0,0,0,0,0,0,0,0,0,0,0,0,0,0,0,0,2,0,0,0,1,1,0,0,0,0,0,0,0,0,0,0,0,0,0,0,0,0,0,0,0,0,0,0,4,2,4,0,0,0,0,0,0,2,2,1,1,4,0,0,0,0,0,0,0,0,0,0,0,0,0,0,1,1,0,0,0,0,0,0,0,0,0,0,0,0,0,0,1,2,0,0,0,0,0,0,2,2,2,0,0,0,0,0,0,0,0,0,1,0,0,0,0,0,0,2,1,0,0,0,0,0,0,0,1,2,0,0,0,0,0,0,0,0,0,0,0,0,0,0,1,1,0,0,0,0,0,0,0,0,0,0,0,0,0,0,0,0,0,0,0,0,0,0,0,0,0,1,1,0,0,0,0,0,0,0,1,2,0,0,0,0,0,0,0,0,0,0,0,0,0,0,0,0,0,0,0,0,0,0,0,0,0,0,0,0,0,0,0,0,0,0,0,0,0,0,0,0,0,0,0,0,0,0,0,0,0,0,1,1,0,0,0,0,0,0,0,2,2,2,0,0,0,0,0,0,0,0,0,0,0,0,0,0,0,0,0,0,0,0,0,0,0,0,0,0,0,0,0,0,0,0,0,0,0,0,0,0,0,0,1,1,0,0,0,0,0,0,0,2,2,0,0,0,0,0,0,0,0,0,0,4,2,2,0,0,0,4,2,4,0,0,0,0,4,2,4,0,0,0,4,0,0,0,0,0,0,0,0,0,0,0,1,1,0,0,0,0,0,0,0,2,2,0,0,0,0,0,0,0,0,0,0,1,1,2,0,0,0,2,2,2,0,0,0,0,1,1,1,0,0,0,2,0,0,0,0,0,0,0,0,0,0,0,1,2,1,1,2,2,2,1,1,1,1,2,2,2,2,1,2,1,2,2,2,2,2,2,2,2,1,1,1,1,1,1,1,2,1,1,1,1,1,2,2,2,2,1,1,1,1,1,1,1,1,1,2]},{"height":52,"id":4,"name":"Map","opacity":1,"type":"tilelayer","visible":true,"width":52,"x":0,"y":0,"data":[0,0,0,0,0,0,0,0,0,0,0,0,0,0,0,0,0,0,0,0,0,0,0,0,0,0,0,0,0,0,0,0,0,0,0,0,0,0,0,0,0,0,0,0,0,0,0,0,0,0,0,0,0,3,3,3,3,3,3,0,0,0,0,0,0,0,0,0,0,0,0,3,3,0,0,0,0,0,3,3,3,0,0,0,0,0,0,0,0,0,0,0,0,0,0,3,3,3,3,3,3,3,3,0,0,3,3,0,0,3,3,0,0,0,0,0,0,0,0,0,0,0,0,0,0,0,0,0,0,0,0,0,0,0,0,0,0,0,0,0,0,0,0,0,0,0,0,3,3,3,3,0,0,3,3,0,0,3,3,0,0,3,3,0,0,0,0,0,0,0,0,0,0,0,0,0,0,0,0,0,0,0,0,0,0,0,0,0,0,0,0,0,0,0,0,0,0,0,0,0,3,3,3,0,0,3,3,0,0,3,3,3,3,3,0,0,0,0,0,0,0,0,0,3,0,0,0,0,0,0,0,0,0,0,0,0,0,0,0,0,0,0,0,0,0,0,0,0,0,0,0,0,0,3,3,3,3,3,3,0,0,3,3,3,3,3,0,0,0,0,0,0,0,0,0,3,0,0,0,0,0,0,0,0,0,0,0,0,0,0,0,0,0,0,0,0,3,3,3,3,0,0,0,0,0,3,3,3,3,3,3,0,0,0,0,0,0,0,0,0,0,0,0,0,0,0,0,0,0,0,0,0,0,0,0,0,0,0,0,0,0,0,0,0,0,0,0,0,3,3,3,3,0,0,0,0,0,0,0,0,0,0,0,0,0,0,0,0,0,0,0,0,0,0,0,0,0,0,0,0,0,0,0,0,0,0,0,0,0,0,0,0,0,0,0,0,0,0,0,0,0,0,0,0,0,0,0,3,0,0,0,0,0,0,0,0,0,0,0,0,0,0,0,0,0,0,0,0,0,0,0,0,0,0,0,0,0,0,0,0,3,3,3,0,0,0,0,0,0,0,0,0,0,0,0,0,0,0,0,0,0,0,0,0,0,0,0,0,0,0,0,0,0,0,0,0,0,0,0,0,0,0,0,0,0,0,0,0,0,0,0,0,0,0,0,0,0,0,0,0,0,0,0,0,0,0,0,0,0,0,0,0,0,0,0,0,0,0,0,0,0,0,0,0,0,0,0,0,0,0,0,0,3,3,3,0,0,0,0,0,0,0,0,0,0,0,0,0,0,0,0,0,0,0,0,0,3,3,0,0,0,0,0,0,0,0,0,0,0,0,0,0,0,3,0,0,0,0,0,0,0,0,0,0,3,0,0,0,0,0,0,0,3,3,0,0,0,0,0,0,0,3,3,0,0,0,0,0,0,3,0,0,0,0,0,0,0,0,0,0,0,0,0,0,0,3,3,0,0,0,0,0,0,0,0,0,0,0,0,0,0,0,0,0,0,0,0,0,0,0,0,0,0,0,0,0,0,0,0,0,0,0,0,0,0,0,3,0,0,0,0,0,0,0,0,0,0,3,3,0,0,0,0,0,0,0,0,0,0,0,0,0,0,0,0,0,0,0,0,0,0,0,0,0,0,0,0,0,0,0,0,0,0,0,0,0,0,0,3,0,0,0,0,0,0,0,3,0,0,0,0,0,0,0,0,0,0,0,0,0,0,0,0,0,0,0,0,0,0,0,0,0,0,0,0,0,0,0,0,0,0,0,0,0,0,0,0,0,0,0,3,0,0,0,0,0,0,0,3,0,0,0,0,0,0,0,0,0,0,0,0,0,0,0,0,0,0,3,3,3,3,3,3,0,0,0,0,0,0,0,0,0,0,0,0,0,0,0,0,0,0,0,0,0,0,0,0,0,0,0,3,0,0,0,0,0,0,0,0,0,0,0,0,0,0,0,0,0,0,0,0,0,0,0,0,0,0,0,0,0,0,3,3,3,3,0,0,0,0,0,0,0,0,0,0,0,0,0,0,0,0,0,0,0,0,0,0,0,0,0,0,3,3,3,0,0,0,0,0,0,0,0,3,3,3,3,0,0,0,0,0,0,0,0,0,0,0,0,0,0,0,0,0,0,3,0,0,0,0,0,0,0,0,0,3,0,0,0,0,0,0,0,0,3,0,0,0,0,0,0,0,0,0,0,3,0,0,0,0,0,0,0,0,0,3,3,3,3,0,0,0,0,0,0,0,0,3,0,0,0,0,0,0,0,0,3,3,0,0,0,0,0,0,0,0,3,0,0,0,0,0,0,0,0,3,0,0,0,0,0,0,0,0,0,0,0,0,0,0,3,0,3,0,3,0,0,0,0,3,0,0,0,0,0,0,0,0,3,3,0,0,0,0,0,0,0,0,0,0,0,0,0,0,0,0,3,3,0,0,0,0,0,3,3,3,3,3,3,0,0,0,0,0,0,0,0,0,0,0,0,0,0,0,0,0,0,0,0,3,0,0,0,0,0,0,0,0,0,0,0,0,0,0,0,0,0,0,0,0,0,0,0,0,0,3,0,0,0,0,3,0,0,0,0,0,0,0,0,0,0,0,0,0,0,0,0,0,0,0,0,3,0,0,0,0,0,0,0,0,0,0,0,0,0,0,0,0,0,0,0,0,0,0,0,0,0,3,0,0,3,0,3,0,0,0,0,0,0,0,0,0,0,0,0,0,0,0,0,0,0,0,0,3,0,0,0,0,3,0,0,0,0,0,0,0,0,0,0,0,0,0,0,0,0,0,0,0,0,3,0,3,3,0,3,0,0,0,0,0,0,0,0,0,0,0,0,0,0,0,0,0,0,0,0,0,0,0,0,0,3,0,0,0,0,0,0,0,0,0,0,0,0,0,0,0,0,0,0,0,0,3,0,3,0,0,3,0,0,0,0,0,0,0,0,0,0,0,0,0,0,0,0,0,0,0,0,0,0,0,0,0,3,0,0,0,0,0,0,0,0,0,0,0,0,0,0,0,0,0,0,0,0,3,0,0,0,0,3,0,0,0,0,0,0,0,0,0,0,0,0,0,0,0,0,0,0,0,0,0,0,0,0,0,3,0,0,0,0,0,0,0,0,0,0,0,0,3,0,0,0,0,0,0,0,3,3,3,3,3,3,0,0,0,0,0,0,0,0,0,0,0,0,0,0,0,0,0,0,0,0,0,0,0,0,0,0,0,0,0,0,0,0,0,0,0,0,0,0,3,0,0,0,0,0,0,0,0,0,0,0,0,0,0,0,0,0,0,0,0,0,0,0,0,0,3,3,3,0,0,0,0,0,0,0,0,0,0,0,0,0,0,0,0,0,0,0,0,0,0,0,3,0,3,0,0,0,0,0,0,0,0,0,0,0,0,0,0,3,0,0,0,0,0,0,0,0,0,0,3,0,0,0,0,0,0,3,3,0,0,0,3,0,0,0,0,0,0,0,0,0,0,0,0,0,3,3,3,3,0,0,0,0,0,0,0,0,3,3,3,3,0,0,0,0,0,0,0,0,0,0,3,0,0,0,0,0,0,3,0,0,0,0,3,0,0,0,0,0,0,0,0,0,0,0,0,0,0,0,0,0,0,0,0,0,0,0,0,0,0,0,0,0,0,0,0,0,0,0,0,0,0,0,3,0,0,0,0,0,0,0,0,0,0,0,0,0,0,0,0,0,0,0,0,0,0,0,0,0,0,0,3,3,3,0,0,0,0,0,3,3,3,0,3,3,3,0,0,0,0,0,0,0,0,0,3,0,0,0,0,0,0,0,0,0,0,0,0,0,0,0,0,0,3,0,0,0,0,0,0,0,0,0,3,0,0,0,0,0,0,0,0,0,3,0,3,0,0,0,0,0,0,0,0,0,0,0,0,0,0,0,0,0,0,0,0,0,0,0,0,0,0,0,0,0,3,0,0,0,0,3,0,0,0,0,0,0,0,0,0,0,0,0,0,0,0,0,0,0,0,0,0,0,3,0,0,0,0,0,0,0,0,0,0,0,0,0,0,0,0,0,0,0,0,0,0,0,3,0,0,0,0,3,3,0,0,0,0,0,0,0,0,0,0,0,0,0,0,0,0,0,0,0,0,3,3,0,0,0,0,0,0,0,0,0,0,0,0,0,3,0,0,0,0,0,0,0,0,0,3,0,0,0,0,0,0,0,0,0,0,0,0,0,0,0,0,0,0,0,0,0,0,0,0,0,0,0,0,0,0,0,0,3,3,0,0,0,0,0,0,3,3,0,0,0,0,0,0,0,0,0,3,0,0,0,0,0,0,0,0,0,0,0,0,0,0,0,0,0,0,0,0,0,0,0,0,0,0,0,0,0,0,0,0,0,3,0,0,0,0,0,0,3,3,0,0,0,0,0,0,0,0,0,0,0,0,0,0,0,0,0,0,0,0,0,0,0,0,0,0,0,0,0,0,0,0,0,0,0,0,0,0,0,0,0,0,0,3,0,0,0,0,0,0,3,3,0,0,0,0,0,0,0,0,0,0,0,0,0,0,0,0,0,0,0,0,0,0,0,0,0,0,0,0,0,0,0,0,0,0,0,0,0,0,0,0,0,0,0,3,0,0,0,0,0,0,3,3,0,0,0,0,0,0,0,0,0,0,0,0,0,0,3,0,0,0,0,0,0,0,0,0,0,0,0,0,0,0,0,0,0,0,0,0,0,0,0,0,0,0,0,0,0,0,0,0,0,0,0,3,0,0,0,0,0,0,0,0,0,0,0,0,0,0,3,3,3,3,0,0,0,0,0,0,0,0,0,0,0,0,0,0,0,0,0,0,0,0,0,0,0,0,0,0,0,0,0,0,0,0,0,3,0,0,0,0,0,0,0,0,3,3,0,0,0,0,0,0,0,0,0,0,3,3,3,0,0,0,0,0,3,3,3,0,0,0,0,0,0,0,0,0,0,0,0,0,0,0,0,3,0,0,0,0,0,0,0,0,0,0,0,0,0,0,0,0,0,0,0,0,0,0,0,0,0,0,0,0,0,0,0,0,0,0,0,0,0,0,0,0,0,0,0,0,0,0,0,0,0,0,0,3,0,0,0,0,0,0,0,0,0,0,0,0,0,0,0,0,0,0,0,0,0,0,0,0,0,0,0,0,0,0,0,0,0,0,0,0,0,0,0,0,0,0,0,0,0,0,0,0,0,0,0,3,0,0,0,0,0,0,0,0,0,0,0,0,0,0,0,0,0,0,0,3,3,3,3,0,0,0,0,0,0,0,0,0,0,0,0,0,0,0,0,0,0,0,0,0,0,0,0,3,3,0,0,0,0,0,0,0,0,0,3,3,3,3,0,0,0,0,0,0,0,0,3,3,0,0,3,0,0,0,0,0,0,0,0,0,0,0,0,0,0,0,3,3,0,0,0,0,0,0,0,0,0,0,0,0,0,0,0,0,0,0,3,3,3,3,3,3,0,0,0,0,0,3,3,3,0,0,3,0,0,0,0,0,0,0,0,0,0,0,0,0,0,0,0,0,0,0,0,0,0,0,0,0,0,0,0,0,3,3,3,3,0,0,3,3,3,3,3,3,0,0,0,0,0,0,0,0,0,0,0,0,0,0,0,0,0,0,0,0,0,0,0,0,0,0,0,0,0,0,0,0,0,0,0,0,0,0,0,3,3,3,3,3,0,0,3,3,0,0,3,3,3,0,0,0,0,0,0,0,0,0,0,0,0,0,0,0,0,0,0,0,0,0,0,0,0,0,0,0,0,0,0,0,0,0,0,0,0,0,0,3,3,0,0,3,0,0,3,3,0,0,3,3,3,0,0,0,0,0,0,0,0,0,0,3,3,0,0,0,0,0,0,0,0,0,3,3,0,0,0,0,0,0,0,0,0,0,0,0,0,0,0,3,3,0,0,3,0,0,3,3,3,3,3,3,3,0,0,0,0,0,0,0,0,0,3,3,3,0,0,0,0,0,0,0,0,0,3,3,0,0,0,0,0,0,0,0,0,0,0,0,0,0,3,3,3,3,3,3,0,0,0,0,0,0,0,0,0,0,0,0,0,0,0,0,0,0,0,0,0,0,0,0,0,0,0,0,0,0,0,0,0,0,0,0,0,0,0,0,0,0,0,0,0,0,0,0,0,0,0,0,0]},{"height":52,"id":5,"name":"Spawns","opacity":1,"type":"tilelayer","visible":true,"width":52,"x":0,"y":0,"data":[0,0,0,0,0,0,0,0,0,0,0,0,0,0,0,0,0,0,0,0,0,0,0,0,0,0,0,0,0,0,0,0,0,0,0,0,0,0,0,0,0,0,0,0,0,0,0,0,0,0,0,0,0,0,0,0,0,0,0,0,0,0,0,0,0,0,0,0,0,0,8,0,0,0,0,0,5,0,0,0,0,0,0,0,5,0,0,0,0,0,8,0,0,0,0,0,0,0,0,0,0,0,0,0,0,0,0,0,0,0,0,0,0,0,0,0,0,0,0,0,0,0,0,0,0,0,0,0,0,0,0,0,0,0,0,0,0,0,0,0,0,0,0,0,0,0,0,0,0,0,0,0,0,0,0,0,0,0,0,0,0,0,0,0,0,0,0,0,0,0,0,0,0,0,0,0,0,0,0,0,0,0,0,0,0,0,0,0,0,0,0,0,0,0,0,0,0,0,0,0,0,0,0,0,0,0,0,0,0,0,0,0,0,0,0,0,0,0,0,0,0,0,0,0,0,0,0,0,0,0,0,0,0,0,0,0,0,0,0,0,0,0,0,0,0,0,0,0,0,0,0,0,0,0,0,0,0,0,0,0,0,0,0,0,0,0,0,0,0,0,0,0,0,0,0,0,0,0,0,0,0,0,0,0,0,0,0,0,0,0,0,0,0,0,0,0,0,0,0,0,0,0,0,0,0,0,0,0,0,0,0,0,0,0,0,0,0,0,0,0,0,0,0,0,0,0,0,0,0,0,0,0,0,0,0,0,0,0,0,0,0,0,0,0,0,0,0,0,0,0,0,0,0,0,0,0,0,0,0,0,0,0,0,0,0,0,0,0,0,0,0,0,0,0,0,0,0,0,0,0,0,0,0,0,0,0,0,0,0,0,0,0,0,0,0,0,0,0,0,0,0,0,0,0,0,0,0,0,0,0,0,0,0,0,0,0,0,0,0,0,0,0,0,0,0,0,0,0,0,0,0,0,0,0,0,0,0,0,0,0,0,0,0,0,0,0,0,0,0,0,0,0,0,0,0,0,0,0,0,0,0,0,0,0,0,0,0,0,0,0,0,0,0,0,0,0,0,0,0,0,0,0,0,0,0,0,0,0,0,0,0,0,0,0,0,0,0,0,0,0,0,0,0,0,0,0,0,0,0,0,0,0,0,0,0,0,0,0,0,0,0,0,0,0,0,0,0,0,0,0,0,0,0,0,0,0,0,0,0,0,0,0,0,0,0,0,0,0,0,0,0,0,0,0,0,0,0,0,0,0,0,0,0,0,0,0,0,0,0,0,0,0,0,0,0,0,0,0,0,0,0,0,0,0,0,0,0,0,0,0,0,0,0,0,0,0,0,0,0,0,0,0,0,0,0,0,0,0,0,0,0,0,0,0,0,0,0,0,0,0,0,0,0,0,0,0,0,0,0,0,0,0,0,0,0,0,0,0,0,0,0,0,0,0,0,0,0,0,0,0,0,0,0,0,0,0,0,0,0,0,0,0,0,0,0,0,0,0,0,0,0,0,0,0,0,0,0,5,0,0,0,0,0,0,0,0,0,0,0,0,0,0,0,0,0,0,0,0,0,0,0,0,0,0,0,0,0,0,0,0,0,0,0,0,0,0,0,0,0,0,0,0,0,0,0,0,0,0,0,0,0,0,0,0,0,0,0,0,0,0,0,0,0,0,0,0,0,0,0,0,0,0,0,0,0,0,0,0,0,0,0,0,0,0,0,0,0,0,0,0,0,0,0,0,0,0,0,0,0,0,0,0,0,0,0,0,0,0,0,0,0,0,0,0,0,0,0,0,0,0,0,0,0,0,0,0,0,0,0,0,0,0,0,0,0,0,0,0,0,0,0,0,0,0,0,0,0,0,0,0,0,0,0,0,0,0,0,0,0,0,0,0,0,0,0,0,0,0,0,0,0,0,0,0,0,0,0,0,0,0,0,0,0,0,0,0,0,0,0,0,0,0,0,0,0,0,0,0,0,0,0,0,5,0,0,0,0,0,0,0,0,0,0,0,0,0,0,0,0,0,0,0,0,0,0,0,0,0,0,0,0,0,0,0,0,0,0,0,0,0,0,0,0,0,0,0,0,0,0,0,0,0,0,0,0,0,0,0,0,0,0,0,0,0,0,0,0,0,0,0,0,0,0,0,0,0,0,0,0,0,0,0,0,0,0,0,0,0,0,0,0,0,0,0,0,0,0,0,0,0,0,0,0,0,0,0,0,0,0,8,0,0,0,0,0,0,0,0,0,0,0,0,0,0,0,0,0,0,0,0,0,0,0,0,0,0,0,0,0,0,0,0,0,0,0,0,0,0,0,0,0,0,0,0,0,0,0,0,0,0,0,0,0,0,0,0,0,0,0,0,0,0,0,0,0,0,0,0,0,0,0,0,0,0,0,0,0,0,0,0,0,0,0,0,0,0,0,0,0,0,0,0,0,0,0,0,0,0,0,0,0,0,0,0,0,0,0,0,0,0,0,0,0,0,0,0,0,0,0,0,0,0,0,0,0,0,0,0,0,0,0,0,0,0,0,0,0,0,0,0,0,0,0,0,0,0,0,0,0,0,0,0,0,0,0,5,0,0,0,0,0,0,0,0,0,0,0,0,0,0,0,0,0,0,0,0,0,0,0,0,0,0,0,0,0,0,0,0,0,0,0,0,0,0,0,0,0,0,0,0,0,0,0,0,0,0,0,0,0,0,0,0,0,0,0,0,0,0,0,0,0,0,0,0,0,0,0,0,0,0,0,0,0,0,0,0,0,0,0,0,0,0,0,0,0,0,0,0,0,0,0,0,0,0,0,0,0,0,0,0,0,0,0,0,0,0,0,0,0,0,0,0,0,0,0,0,0,0,0,0,0,0,0,0,0,0,0,0,0,0,0,0,0,0,0,0,0,0,0,0,0,0,0,0,0,0,0,0,5,0,0,0,0,0,0,0,0,0,0,0,0,0,0,0,0,0,0,0,0,0,0,0,0,0,0,0,0,0,0,0,0,0,0,0,0,0,0,0,0,0,0,0,0,0,0,0,0,0,0,0,0,0,0,0,0,0,0,0,0,0,0,0,0,0,0,0,0,0,0,0,0,0,0,0,0,0,0,0,0,0,0,0,0,0,0,0,0,0,0,0,0,0,0,0,0,0,0,0,0,0,0,0,0,0,0,0,0,0,0,0,0,0,0,0,0,0,0,0,0,0,0,0,0,0,0,0,0,0,0,0,0,0,0,0,0,0,0,0,0,0,0,0,0,0,0,0,0,0,0,0,0,0,0,0,0,0,0,0,0,0,0,0,0,0,0,0,0,0,0,0,0,0,0,0,0,0,0,0,0,0,0,0,0,0,0,0,0,0,0,0,0,0,0,0,0,0,0,0,0,0,0,0,0,0,0,0,0,0,0,0,0,0,0,0,0,0,0,0,0,0,0,0,0,0,0,0,0,0,0,0,0,0,0,0,0,0,0,0,0,0,0,0,0,0,0,0,0,0,0,0,0,0,0,0,0,0,0,0,8,0,0,0,0,0,0,0,0,0,0,0,0,0,0,0,0,0,0,0,0,0,0,0,0,0,0,0,0,0,0,0,0,0,0,0,0,0,0,0,0,0,0,0,0,0,0,0,0,0,0,0,0,0,0,5,0,0,0,0,0,0,0,0,0,0,0,0,0,0,0,0,0,0,0,0,0,0,0,0,0,0,0,0,0,0,0,0,0,0,0,0,0,0,0,0,0,0,0,0,0,0,0,0,0,0,0,0,0,0,0,0,0,0,0,0,0,0,0,0,0,0,0,0,0,0,0,0,0,0,0,0,0,0,0,0,0,0,0,0,0,0,0,0,0,0,0,0,0,0,0,0,0,0,0,0,0,0,0,0,0,0,0,0,0,0,0,0,0,0,0,0,0,0,0,0,0,0,0,0,0,0,0,0,0,0,0,0,0,0,0,0,0,0,0,0,0,0,0,0,0,0,0,0,0,0,0,0,0,0,0,0,0,0,0,0,0,0,0,0,0,0,0,0,0,0,0,0,0,0,0,0,0,0,0,0,0,0,0,0,0,0,0,0,0,0,0,0,0,0,0,0,0,0,0,0,0,0,0,0,0,0,0,0,0,0,0,0,0,0,0,0,0,0,0,0,0,0,0,0,0,0,0,0,0,0,0,0,0,0,0,0,0,0,0,0,0,0,0,0,0,0,0,0,0,0,0,0,0,0,0,0,0,0,0,0,0,0,0,0,0,0,0,0,0,0,0,0,0,0,0,0,0,0,0,0,0,0,0,0,0,0,0,0,0,0,0,0,0,0,0,0,0,0,0,0,0,0,0,0,0,0,0,0,5,0,0,0,0,0,0,0,0,0,0,0,0,0,0,0,0,0,0,0,0,0,0,0,0,0,0,0,0,0,0,0,0,0,0,0,0,0,0,0,0,0,0,0,0,0,0,0,0,0,0,0,0,0,0,0,0,0,0,0,0,0,0,0,0,0,0,0,0,0,0,0,0,0,0,0,0,0,0,0,0,0,0,0,0,0,0,0,0,0,0,0,0,0,0,0,0,0,0,0,0,0,0,0,0,0,0,0,0,0,0,0,0,0,0,0,0,0,0,0,0,0,0,0,0,0,0,0,0,0,0,0,0,0,0,0,0,0,0,0,0,0,0,0,0,0,0,0,0,0,0,0,0,0,0,0,0,0,0,0,0,0,0,0,0,0,0,0,0,0,0,0,0,0,0,0,0,0,0,0,0,0,0,0,0,0,0,0,0,0,0,0,0,0,0,0,0,0,0,0,0,0,0,0,0,0,0,0,0,0,0,0,0,0,0,0,0,0,0,0,0,0,0,0,0,0,0,0,0,0,0,0,0,0,0,0,0,0,0,0,0,0,0,0,0,0,0,0,0,0,0,0,0,0,0,0,0,0,0,0,0,0,0,0,0,0,0,0,0,0,0,0,0,0,0,0,0,0,0,0,0,0,0,0,0,0,0,0,0,0,0,0,0,0,0,0,0,0,0,0,0,0,0,0,0,0,0,0,0,0,0,0,0,0,0,0,0,0,0,0,0,0,0,0,0,0,0,0,0,0,0,0,0,0,0,0,0,0,0,0,0,0,0,0,0,0,0,0,0,0,0,0,0,0,0,0,0,0,0,0,0,0,0,0,0,0,0,0,0,0,0,0,0,0,0,0,0,0,0,0,0,0,0,0,0,0,0,0,0,0,0,0,0,0,0,0,0,0,0,0,0,0,0,0,0,0,0,0,0,0,0,0,0,0,0,0,0,0,0,0,0,0,0,0,0,0,0,0,0,0,0,0,0,0,0,0,0,0,0,0,0,0,0,0,0,0,0,0,0,0,0,0,0,0,0,0,0,0,0,0,0,0,0,0,0,0,0,0,0,0,0,0,0,0,0,0,0,0,0,0,0,0,0,0,0,0,0,0,0,0,0,0,0,0,0,0,0,0,0,0,0,0,0,0,0,0,0,0,0,0,0,0,0,0,0,0,0,0,0,0,0,0,0,0,0,0,0,0,0,0,0,0,0,0,0,0,0,0,0,0,0,0,0,0,0,0,0,0,0,0,0,0,0,0,0,0,0,0,0,0,0,0,0,0,0,0,0,0,0,0,0,0,0,0,0,0,0,0,0,0,0,0,0,0,0,0,0,0,0,0,0,0,0,0,0,0,0,0,0,0,0,0,0,0,0,0,0,0,0,0,0,0,0,0,0,0,0,0,0,0,0,0,0,0,0,0,0,0,0,0,0,0,0,0,0,0,0,0,0,0,0,0,0,0,0,0,0,0,0,0,0,0,0,0,0,0,0,0,0,0,0,0,0,0,0,0,0,0,0,0,0,0,0,0,0,0,0,0,0,0,0,0,0,0,0,0,0,0,8,0,0,0,0,0,0,0,0,0,0,0,0,0,5,0,0,0,0,0,0,5,0,0,0,0,0,0,8,0,0,0,0,0,0,0,0,0,0,0,0,0,0,0,0,0,0,0,0,0,0,0,0,0,0,0,0,0,0,0,0,0,0,0,0,0,0,0,0,0,0,0,0,0,0,0,0,0,0,0,0,0,0,0,0,0,0,0,0,0,0,0,0,0]},{"height":52,"id":3,"name":"Objects","opacity":1,"type":"tilelayer","visible":true,"width":52,"x":0,"y":0,"data":[0,0,0,0,0,0,0,0,0,0,0,0,0,0,0,0,0,0,0,0,0,0,0,0,0,0,0,0,0,0,0,0,0,0,0,0,0,0,0,0,0,0,0,0,0,0,0,0,0,0,0,0,0,0,0,0,0,0,0,0,0,0,0,0,0,0,0,0,0,0,0,0,0,0,0,0,0,0,0,0,0,0,0,0,0,0,0,0,0,0,0,0,0,0,0,0,0,0,0,0,0,0,0,0,0,0,0,7,0,0,0,0,0,0,0,0,0,0,0,0,0,0,0,0,0,0,0,0,0,0,0,0,0,0,0,0,0,0,0,0,0,0,0,0,0,0,0,0,0,0,0,0,7,0,0,0,0,0,0,0,0,0,0,0,0,0,0,0,0,0,0,0,0,0,0,0,0,0,0,0,0,0,0,0,0,0,0,0,0,0,0,0,0,0,0,0,0,0,0,0,0,0,0,0,0,0,0,0,0,0,0,0,0,0,0,0,0,0,0,0,0,0,0,0,0,0,0,0,0,0,0,0,0,0,0,0,0,0,0,0,0,0,0,0,0,0,0,0,0,0,0,0,0,0,0,0,0,0,0,0,0,0,0,0,0,0,0,0,0,0,0,0,0,0,0,0,0,0,0,0,0,0,0,0,0,0,0,0,0,0,0,0,0,0,0,0,0,0,0,0,0,0,0,0,0,0,0,0,0,0,0,0,0,0,0,0,0,0,0,0,0,0,0,0,0,0,0,0,0,0,0,0,0,0,0,0,0,0,0,0,0,0,0,0,0,0,0,0,0,0,0,0,0,0,0,0,0,0,0,0,0,0,0,0,0,0,0,0,0,0,0,0,0,0,0,0,0,0,0,0,0,0,0,0,0,0,0,0,0,0,0,0,0,0,0,0,0,0,0,0,0,0,0,0,0,0,0,0,0,0,0,0,0,0,0,0,0,0,0,0,0,0,0,0,0,0,0,0,0,0,0,0,0,0,0,0,0,0,0,0,0,0,0,0,0,0,0,0,0,0,0,0,0,0,0,0,0,0,0,0,0,0,0,0,0,0,0,0,0,0,0,0,0,0,0,0,0,0,0,0,0,0,0,0,0,0,0,0,0,0,0,0,0,0,0,0,0,0,0,0,0,0,0,0,0,0,0,0,0,0,0,0,0,0,0,0,0,0,0,0,0,0,0,0,0,0,0,0,0,0,0,0,0,0,0,0,0,0,0,0,0,0,0,0,0,0,0,0,0,0,0,0,0,0,0,0,0,0,0,0,0,0,0,0,0,0,0,0,0,0,0,0,0,0,0,0,0,0,0,0,0,0,0,0,0,7,0,0,0,0,0,0,0,0,0,0,0,0,0,0,0,0,0,0,0,0,0,0,7,0,0,0,0,0,0,0,0,0,0,0,0,0,0,0,0,0,0,0,0,0,0,0,0,0,0,0,0,0,0,0,0,0,0,0,0,0,0,0,0,0,0,0,0,0,0,0,0,0,0,0,0,0,0,0,0,0,0,0,0,0,0,0,0,0,0,0,0,0,0,0,0,0,0,0,0,0,0,0,0,0,0,0,0,0,0,0,0,0,0,0,0,0,0,0,0,0,0,0,0,0,0,0,0,0,0,0,0,0,0,0,0,0,0,0,0,0,0,0,0,0,0,0,0,0,0,0,0,0,0,0,0,0,0,0,0,0,0,0,0,0,0,0,0,0,0,0,0,0,0,0,0,0,0,0,0,0,0,0,0,0,0,0,0,0,0,0,0,0,0,0,0,0,0,0,0,0,0,0,0,0,0,0,0,0,0,0,0,0,0,0,0,0,0,0,0,0,0,0,0,0,0,0,0,0,0,0,0,0,0,0,0,0,0,0,0,0,0,0,0,0,0,0,0,0,0,0,0,0,0,0,0,0,0,0,0,0,0,0,0,0,0,0,0,0,0,0,0,0,0,0,0,0,0,0,0,0,0,0,0,0,0,0,0,0,0,0,0,0,0,0,0,0,0,0,0,0,0,0,0,0,0,0,0,0,0,0,0,0,0,0,0,0,0,0,0,0,0,0,0,0,0,0,0,0,0,0,0,0,0,0,0,0,0,0,0,0,0,0,0,0,0,0,0,0,0,0,0,0,0,0,0,0,0,0,0,0,0,0,0,0,0,0,0,0,0,7,0,0,0,0,0,0,0,0,0,0,0,0,0,0,0,0,0,0,0,0,0,0,0,0,0,0,0,0,0,0,0,0,0,0,0,0,0,0,0,0,0,0,0,0,0,0,0,7,0,0,0,0,0,0,0,0,0,0,0,0,0,0,7,0,0,0,7,0,0,0,0,0,0,0,0,0,0,0,0,0,0,0,0,0,0,0,0,0,0,0,0,0,0,0,0,0,0,0,0,0,0,0,0,0,0,0,0,0,0,0,0,0,0,0,0,0,0,0,0,0,0,0,0,0,0,0,0,0,0,0,0,0,0,0,0,0,0,0,0,0,0,0,0,0,0,0,0,0,0,0,0,0,0,0,0,0,0,0,0,0,0,0,0,0,0,0,0,0,0,0,0,0,0,0,0,0,0,0,0,0,0,0,0,0,0,0,0,0,0,0,0,0,0,0,0,0,0,0,0,0,0,0,0,0,0,0,0,0,0,0,0,0,7,0,0,0,0,0,0,0,0,0,0,0,0,0,0,0,0,0,0,0,0,0,0,0,0,0,0,0,0,0,0,0,0,0,0,0,0,0,0,0,0,0,0,0,0,0,0,0,0,0,0,0,0,0,0,0,0,0,0,0,0,0,0,0,0,0,0,0,0,0,0,0,0,0,0,0,0,0,0,0,0,0,0,0,0,0,0,0,0,0,0,0,0,0,0,0,0,0,0,0,0,0,0,0,0,7,0,0,0,0,0,0,0,0,0,0,0,0,0,0,0,0,0,0,0,0,0,0,0,0,0,0,0,0,0,0,0,0,0,0,0,0,0,0,0,0,0,0,0,0,0,0,0,0,0,0,0,0,0,0,0,0,0,0,0,0,0,0,0,0,0,0,0,0,0,0,0,0,0,0,0,0,0,0,0,0,0,0,0,0,0,0,0,0,0,0,0,0,0,0,0,0,0,0,0,0,0,0,0,0,0,0,0,0,0,0,0,0,0,0,0,0,0,0,0,0,0,0,0,0,0,0,0,0,0,0,0,0,0,0,0,0,0,0,0,0,0,0,0,0,0,0,0,0,0,0,0,0,0,0,0,0,0,0,0,0,0,0,0,0,0,0,0,0,0,0,0,0,0,0,0,0,0,0,0,0,0,0,0,0,0,0,0,0,0,0,0,0,0,0,0,0,0,0,0,7,0,0,0,0,0,0,0,0,0,0,0,0,7,0,0,0,0,0,0,0,0,0,0,0,0,0,0,0,0,0,0,0,0,0,0,0,0,0,0,0,0,0,0,0,0,0,0,0,0,0,0,0,0,0,0,0,0,0,0,0,0,0,0,0,0,0,0,0,0,0,0,0,0,0,0,0,0,0,0,0,0,0,0,0,0,0,0,0,0,0,0,0,0,0,0,0,0,0,0,0,0,0,0,0,0,0,0,0,0,0,0,0,0,0,0,0,0,0,0,0,0,0,0,0,0,0,0,0,0,0,0,0,0,0,0,0,0,0,0,0,0,0,0,0,0,0,0,0,0,0,0,0,0,0,0,0,0,0,0,0,0,0,0,0,0,0,0,0,0,0,0,0,0,0,0,0,0,0,0,0,0,0,0,0,0,0,0,0,0,0,0,0,0,0,0,0,0,0,0,0,0,0,0,0,0,0,0,0,0,7,0,0,0,0,0,0,0,7,0,0,0,0,0,0,0,0,0,0,0,0,0,0,0,0,0,0,0,0,0,0,0,0,0,0,0,0,0,0,0,0,0,0,0,0,0,0,0,0,0,0,0,0,0,0,0,0,0,0,0,0,0,0,0,0,0,0,0,0,0,0,0,0,0,0,0,0,0,0,0,0,0,0,0,0,0,0,0,0,0,0,0,0,0,0,0,0,0,0,0,0,0,0,0,0,0,0,0,0,0,0,0,0,0,0,0,0,0,0,0,0,0,0,0,0,0,0,0,0,0,0,0,0,0,0,0,0,0,0,0,0,0,0,0,0,0,0,0,0,0,0,0,0,0,0,0,0,0,0,0,0,0,0,0,0,0,0,0,0,0,0,0,0,0,0,0,0,0,0,0,0,0,0,0,0,0,0,0,0,0,0,0,0,0,0,0,0,0,0,0,0,0,0,0,0,0,0,0,0,0,0,0,0,0,0,0,0,0,0,0,0,0,0,0,0,0,0,0,0,0,7,0,0,0,0,0,0,0,0,0,0,0,0,0,0,0,0,0,0,0,0,0,0,0,0,0,0,0,0,0,0,0,0,0,0,0,0,0,0,0,0,0,0,0,0,0,0,0,0,0,0,0,0,0,0,0,0,0,0,0,0,0,0,0,0,0,0,0,0,0,0,0,0,0,0,0,0,0,0,0,0,0,0,0,0,0,0,0,0,0,0,0,0,0,0,0,0,0,0,0,0,0,0,0,0,0,0,0,0,0,0,0,0,0,0,0,0,0,0,0,0,0,0,0,0,0,0,0,0,0,7,0,0,0,0,0,0,0,0,0,0,0,0,0,0,0,0,0,0,0,0,0,0,0,0,0,0,0,0,0,0,0,0,0,0,0,0,0,0,0,0,0,0,0,0,0,0,0,0,0,0,0,0,0,0,0,0,0,0,0,0,0,0,0,0,0,0,0,0,0,0,0,0,0,0,0,0,0,0,0,0,0,0,0,0,0,0,0,0,0,0,0,0,0,0,0,0,0,0,0,0,0,0,0,0,0,0,0,0,0,0,0,0,0,0,0,0,0,0,0,0,0,0,0,0,0,0,0,0,0,0,0,0,0,0,0,0,0,0,0,0,0,0,0,0,0,0,0,0,0,0,0,0,0,0,0,0,0,0,0,0,0,0,0,0,0,0,0,0,0,0,0,0,0,0,0,0,0,0,0,0,0,0,0,0,0,0,0,0,0,0,0,0,0,0,0,0,0,0,0,0,0,0,0,0,0,0,0,0,0,0,0,0,0,0,0,0,0,0,0,0,0,0,0,0,0,0,0,0,0,0,0,0,0,0,0,0,0,0,0,0,0,0,0,0,0,0,0,0,0,0,0,0,0,0,0,0,0,0,0,0,0,0,0,0,0,0,0,0,0,0,0,0,0,0,0,0,0,0,0,0,0,0,0,0,0,0,0,0,0,0,0,0,0,0,0,0,0,0,0,0,0,0,0,0,0,0,0,0,0,0,0,0,0,0,0,0,0,0,0,0,0,0,0,0,0,0,0,0,0,0,0,0,0,0,0,0,0,0,0,0,0,0,0,0,0,0,0,0,0,0,0,0,0,0,0,0,0,0,0,0,0,0,0,0,0,0,0,0,0,0,0,0,0,0,0,0,0,0,0,0,0,0,0,0,0,0,0,0,0,0,0,0,0,0,0,0,0,0,0,0,0,0,0,0,0,0,0,0,0,0,0,0,0,0,0,0,0,0,0,0,0,0,0,0,0,0,0,0,0,0,0,0,0,0,0,0,0,0,0,0,0,0,0,0,0,0,0,0,0,0,0,0,0,0,0,0,0,0,0,0,0,0,0,0,0,0,0,0,0,0,0,0,0,0,0,0,0,0,0,0,0,0,0,0,0,0,0,0,0,0,0,0,0,0,0,0,0,0,0,0,0,0,0,0,0,0,0,7,0,0,0,0,0,0,0,0,0,0,0,0,0,0,0,0,0,0,0,0,0,0,0,0,0,0,0,0,0,0,0,0,0,0,0,0,0,0,0,0,0,0,0,0,0,7,0,0,0,0,0,0,0,0,0,0,0,0,0,0,0,0,0,0,0,0,0,0,0,0,0,0,0,0,0,0,0,0,0,0,0,0,0,0,0,0,0,0,0,0,0,0,0,0,0,0,0,0,0,0,0,0,0,0,0,0,0,0,0,0,0,0,0,0,0,0,0,0,0,0,0,0,0,0,0,0,0,0,0,0,0,0,0,0,0,0,0,0,0,0,0,0,0,0,0,0,0,0,0,0,0,0]}],"tilesets":[{"firstgid":1,"source":"../../tiled/tileset.tsx"}]}]],0,0,[],[],[]],[[[10,".bin",7632,3058817631,[{"primitives":[{"primitiveMode":7,"vertexBundelIndices":[0],"indexView":{"offset":6336,"length":1296,"count":324,"stride":4}}],"vertexBundles":[{"view":{"offset":0,"length":6336,"count":132,"stride":48},"attributes":[{"name":"a_position","format":32,"isNormalized":false},{"name":"a_normal","format":32,"isNormalized":false},{"name":"a_texCoord","format":21,"isNormalized":false},{"name":"a_tangent","format":44,"isNormalized":false}]}]},"minPosition",8,[1,-0.005706169176846743,-0.007608590181916952,-0.0001678321132203564],"maxPosition",8,[1,0.0059333983808755875,0.005464907269924879,0.011113753542304039]]]],0,0,[],[],[]],[[[9,"P_Plants_B01"],[11,"P_Plants_B01",[-2],[6,"d92GIW5j5bFop59hS36pd6",-1,0]],[15,"Plants_B01.001",1,[[12,-3,[7,"a2NN0yIoVWVZPPP3QqIqLx"],[0],[13],1]],[6,"4aSx2zEBRe+JvXaf74V7/U",1,0],[3,-0.7071067811865475,0,0,0.7071067811865476],[1,100,100,100],[1,-90,0,0]]],0,[0,0,1,0,-1,2,0,2,2,0,3,1,3],[0,0],[-1,4],[3,34]],[[[10,".bin",10248,1903710758,[{"primitives":[{"primitiveMode":7,"vertexBundelIndices":[0],"indexView":{"offset":8928,"length":1104,"count":276,"stride":4}},{"primitiveMode":7,"vertexBundelIndices":[1],"indexView":{"offset":10224,"length":24,"count":6,"stride":4}}],"vertexBundles":[{"view":{"offset":0,"length":8928,"count":186,"stride":48},"attributes":[{"name":"a_position","format":32,"isNormalized":false},{"name":"a_normal","format":32,"isNormalized":false},{"name":"a_texCoord","format":21,"isNormalized":false},{"name":"a_tangent","format":44,"isNormalized":false}]},{"view":{"offset":10032,"length":192,"count":4,"stride":48},"attributes":[{"name":"a_position","format":32,"isNormalized":false},{"name":"a_normal","format":32,"isNormalized":false},{"name":"a_texCoord","format":21,"isNormalized":false},{"name":"a_tangent","format":44,"isNormalized":false}]}]},"minPosition",8,[1,-0.0009329635067842901,-0.0009329468011856079,-0.0019434236455708742],"maxPosition",8,[1,0.03999999910593033,0.03999999910593033,0.02029212936758995]]]],0,0,[],[],[]],[[[9,"P_BackgroundWall_B03"],[11,"P_BackgroundWall_B03",[-2],[6,"1brRlNtuFVWY2YUP/1v5zX",-1,0]],[16,"BackgroundWall_B03.001",1,[[12,-3,[7,"9eDe3WxZpZW6c8KcGVZM0j"],[0,1],[13],2]],[6,"d09rzPOqlZSbobWLUqQQ1i",1,0],[1,100,100,100]]],0,[0,0,1,0,-1,2,0,2,2,0,3,1,3],[0,0,0],[-1,-2,4],[3,9,35]],[[[19,[{"rasterizerState":{},"depthStencilState":{},"blendState":{"targets":[{}]}}],[{"USE_INSTANCING":true,"USE_TEXTURE":true}],[[[{},"mainTexture",6,0]],11]]],0,0,[0,0],[7,8],[36,7]],[[[24,"1",[{"rasterizerState":{"cullMode":0},"depthStencilState":{},"blendState":{"targets":[{}]}}],[{"USE_INSTANCING":true,"USE_TEXTURE":true}],[[[{},"mainColor",8,[4,4283979864],"mainTexture",6,0]],11]]],0,0,[0,0],[7,8],[37,7]],[[[9,"P_Cube_B02"],[11,"P_Cube_B02",[-2],[6,"87iUE7wQ9Vmo+CpO2LzC12",-1,0]],[15,"Cube_B02.002",1,[[12,-3,[7,"64qh2/LTdZF7rHLOaEvExh"],[0],[13],1]],[6,"5278HeaJBalYxsT402Ith0",1,0],[3,-0.7071067811865475,0,0,0.7071067811865476],[1,100,100,100],[1,-90,0,0]]],0,[0,0,1,0,-1,2,0,2,2,0,3,1,3],[0,0],[-1,4],[3,38]],[[[9,"P_Rocks_01"],[11,"P_Rocks_01",[-2],[6,"81MtynVuBTj40iFS4caE67",-1,0]],[16,"Rocks_01.001",1,[[12,-3,[7,"2627TMIJJdgIdU0NzCZRMF"],[0],[13],1]],[6,"3fapY6aDVUUL4IiceHfCV0",1,0],[1,100,100,100]]],0,[0,0,1,0,-1,2,0,2,2,0,3,1,3],[0,0],[-1,4],[3,39]],[[[10,".bin",20976,1826578718,[{"primitives":[{"primitiveMode":7,"vertexBundelIndices":[0],"indexView":{"offset":18624,"length":2352,"count":588,"stride":4}}],"vertexBundles":[{"view":{"offset":0,"length":18624,"count":388,"stride":48},"attributes":[{"name":"a_position","format":32,"isNormalized":false},{"name":"a_normal","format":32,"isNormalized":false},{"name":"a_texCoord","format":21,"isNormalized":false},{"name":"a_tangent","format":44,"isNormalized":false}]}]},"minPosition",8,[1,-0.004999998491257429,-0.005000000819563866,0],"maxPosition",8,[1,0.005000001285225153,0.005000000819563866,0.009999999776482582]]]],0,0,[],[],[]],[[[9,"P_Chest_B01"],[11,"P_Chest_B01",[-2],[6,"5dwGytygdQrKmk1mnoUxFq",-1,0]],[15,"Chest_B01.001",1,[[12,-3,[7,"0aM8l9fY5eGrgXIry83jTO"],[0],[13],1]],[6,"77d4AKjQNdnIw0Z4kSj5PU",1,0],[3,-0.7071068407911908,0,0,0.7071067215818992],[1,100,100,100],[1,-90.00000965934633,0,0]]],0,[0,0,1,0,-1,2,0,2,2,0,3,1,3],[0,0],[-1,4],[3,40]],[[[10,".bin",9468,1298465559,[{"primitives":[{"primitiveMode":7,"vertexBundelIndices":[0],"indexView":{"offset":8112,"length":1140,"count":285,"stride":4}},{"primitiveMode":7,"vertexBundelIndices":[1],"indexView":{"offset":9444,"length":24,"count":6,"stride":4}}],"vertexBundles":[{"view":{"offset":0,"length":8112,"count":169,"stride":48},"attributes":[{"name":"a_position","format":32,"isNormalized":false},{"name":"a_normal","format":32,"isNormalized":false},{"name":"a_texCoord","format":21,"isNormalized":false},{"name":"a_tangent","format":44,"isNormalized":false}]},{"view":{"offset":9252,"length":192,"count":4,"stride":48},"attributes":[{"name":"a_position","format":32,"isNormalized":false},{"name":"a_normal","format":32,"isNormalized":false},{"name":"a_texCoord","format":21,"isNormalized":false},{"name":"a_tangent","format":44,"isNormalized":false}]}]},"minPosition",8,[1,-0.0009329635067842901,-0.001926070312038064,-0.03999999910593033],"maxPosition",8,[1,0.03999999910593033,0.02029212936758995,0.0009329470922239125]]]],0,0,[],[],[]],[[[9,"P_BackgroundWallCornerInside_B01"],[11,"P_BackgroundWallCornerInside_B01",[-2],[6,"72u3OSqyddcK6IFmRqxzSc",-1,0]],[15,"BackgroundWallCornerInside_B01.001",1,[[12,-3,[7,"adwCGG8txSJ4chiV+jHlzi"],[0],[13],1]],[6,"2cLUMidNVWfq0XC01n/5Gl",1,0],[3,-0.7071067811865475,0,0,0.7071067811865476],[1,100,100,100],[1,-90,0,0]]],0,[0,0,1,0,-1,2,0,2,2,0,3,1,3],[0,0],[-1,4],[3,41]],[[[9,"P_BackgroundWall_B02"],[11,"P_BackgroundWall_B02",[-2],[6,"8bnh6pVUtVhKew/4l+SS5s",-1,0]],[16,"BackgroundWall_B02.001",1,[[12,-3,[7,"06Df98ZphT6YBZlOcQgm4W"],[0,1],[13],2]],[6,"2c4uVj5gddC7r36/KVR3Nv",1,0],[1,100,100,100]]],0,[0,0,1,0,-1,2,0,2,2,0,3,1,3],[0,0,0],[-1,-2,4],[3,9,42]],[[[10,".bin",23856,338541833,[{"primitives":[{"primitiveMode":7,"vertexBundelIndices":[0],"indexView":{"offset":20400,"length":3456,"count":864,"stride":4}}],"vertexBundles":[{"view":{"offset":0,"length":20400,"count":425,"stride":48},"attributes":[{"name":"a_position","format":32,"isNormalized":false},{"name":"a_normal","format":32,"isNormalized":false},{"name":"a_texCoord","format":21,"isNormalized":false},{"name":"a_tangent","format":44,"isNormalized":false}]}]},"minPosition",8,[1,-0.004999998956918716,-0.00500000175088644,0],"maxPosition",8,[1,0.005000001285225153,0.004999999422580004,0.009999999776482582]]]],0,0,[],[],[]],[[[9,"P_Rocks_03"],[11,"P_Rocks_03",[-2],[6,"b1oCHYDENR1KDU8s4SKbUj",-1,0]],[16,"Rocks_03.001",1,[[12,-3,[7,"04trUexGVVjrS+iaTOKnx6"],[0],[13],1]],[6,"2epkijFgxeQITpQBsjvMUx",1,0],[1,100,100,100]]],0,[0,0,1,0,-1,2,0,2,2,0,3,1,3],[0,0],[-1,4],[3,43]],[[[9,"P_TreasureChest_02"],[27,"P_TreasureChest_02",[-8,-9,-10],[[39,true,-2,[7,"bcGyRky0tAJ72wRvIZMvOb"],[1,0,0.5,0]],[40,0,2,-4,[7,"62p6hJj15AZamkyyQrs4N7"],-3,2],[41,-5,[7,"d5b2ni/J9JOKvEOh9UA/pr"],[3,4,5,6]],[42,-6,[7,"48WK79dMpDJJHz2jqqFdse"],7],[43,8,2,-7,[7,"a6hPhZnWdP34iKnqSrRFSH"]]],[6,"e2XpETB5RHm4NXJybXTWW4",-1,0]],[1,["f2A6WkrZ1NvKsFeSCT6rFu"]],[1,["5dwGytygdQrKmk1mnoUxFq"]],[28,"UITrack",1,[6,"03VuBUiTJIGIuqYZzlqOHU",1,0],[1,0,0,0.75]],[5,1,[3,"f2A6WkrZ1NvKsFeSCT6rFu",-11,[21,"bbiB9bh+hIsrCX2swt4uIg",1,[[2,"P_ChestGlow",["_name"],2],[0,["_lpos"],2,[1,0,0.05,0]],[0,["_lrot"],2,[3,0,0,0,1]]]],0]],[5,1,[3,"5dwGytygdQrKmk1mnoUxFq",-12,[21,"6fSHqf+4BDsKFPxH3OHEAz",1,[[2,"P_Chest_B01",["_name"],3],[0,["_lpos"],3,[1,0,0,0]],[0,["_lrot"],3,[3,0,0,0,1]]]],1]]],0,[0,0,1,0,2,1,0,10,4,0,2,1,0,2,1,0,2,1,0,2,1,0,-1,4,0,-2,5,0,-3,6,0,0,5,0,0,6,0,3,1,12],[0,0,0,0,0,0,0,0],[1,1,11,-1,-2,-3,-4,12],[44,45,46,47,48,49,50,51]],[[[10,".bin",20232,1087690522,[{"primitives":[{"primitiveMode":7,"vertexBundelIndices":[0],"indexView":{"offset":18048,"length":2184,"count":546,"stride":4}}],"vertexBundles":[{"view":{"offset":0,"length":18048,"count":376,"stride":48},"attributes":[{"name":"a_position","format":32,"isNormalized":false},{"name":"a_normal","format":32,"isNormalized":false},{"name":"a_texCoord","format":21,"isNormalized":false},{"name":"a_tangent","format":44,"isNormalized":false}]}]},"minPosition",8,[1,-0.005000003147870302,-0.005000002216547728,0],"maxPosition",8,[1,0.005000003147870302,0.005000004544854164,0.009999999776482582]]]],0,0,[],[],[]],[[[9,"P_Rocks_02"],[11,"P_Rocks_02",[-2],[6,"82JT1Pkp1Z1KsOLKS16Jya",-1,0]],[16,"Rocks_02.001",1,[[12,-3,[7,"00acFdPb9VkbkkSEkg0iwW"],[0],[13],1]],[6,"891YIC6idSxb8fbeCi8CfU",1,0],[1,100,106.19821166992188,100]]],0,[0,0,1,0,-1,2,0,2,2,0,3,1,3],[0,0],[-1,4],[3,52]],[[[10,".bin",3264,1384399743,[{"primitives":[{"primitiveMode":7,"vertexBundelIndices":[0],"indexView":{"offset":2880,"length":384,"count":96,"stride":4}}],"vertexBundles":[{"view":{"offset":0,"length":2880,"count":60,"stride":48},"attributes":[{"name":"a_position","format":32,"isNormalized":false},{"name":"a_normal","format":32,"isNormalized":false},{"name":"a_texCoord","format":21,"isNormalized":false},{"name":"a_tangent","format":44,"isNormalized":false}]}]},"minPosition",8,[1,-0.006004278548061848,-9.717792126551217e-10,-0.007445355877280235],"maxPosition",8,[1,0.005285139195621014,0.003498408477753401,0.007128749042749405]]]],0,0,[],[],[]],[[[9,"P_BackgroundWall_B01"],[11,"P_BackgroundWall_B01",[-2],[6,"0347laM+1Tp7bLpSfpP9Oi",-1,0]],[15,"BackgroundWall_B01.001",1,[[12,-3,[7,"ecWY4AVSlZwYhR6C98XLG9"],[0,1],[13],2]],[6,"02ggOHfYVUE482JJ4CKd/2",1,0],[3,-0.7071067811865475,0,0,0.7071067811865476],[1,100,100,100],[1,-90,0,0]]],0,[0,0,1,0,-1,2,0,2,2,0,3,1,3],[0,0,0],[-1,-2,4],[3,9,53]],[[[10,".bin",4896,2343744636,[{"primitives":[{"primitiveMode":7,"vertexBundelIndices":[0],"indexView":{"offset":4320,"length":576,"count":144,"stride":4}}],"vertexBundles":[{"view":{"offset":0,"length":4320,"count":90,"stride":48},"attributes":[{"name":"a_position","format":32,"isNormalized":false},{"name":"a_normal","format":32,"isNormalized":false},{"name":"a_texCoord","format":21,"isNormalized":false},{"name":"a_tangent","format":44,"isNormalized":false}]}]},"minPosition",8,[1,-0.0033944554161280394,-0.000027151625545229763,-0.007445350755006075],"maxPosition",8,[1,0.006949550937861204,0.003782825078815222,0.004966085311025381]]]],0,0,[],[],[]],[[[10,".bin",29400,468040314,[{"primitives":[{"primitiveMode":7,"vertexBundelIndices":[0],"indexView":{"offset":26112,"length":3288,"count":822,"stride":4}}],"vertexBundles":[{"view":{"offset":0,"length":26112,"count":544,"stride":48},"attributes":[{"name":"a_position","format":32,"isNormalized":false},{"name":"a_normal","format":32,"isNormalized":false},{"name":"a_texCoord","format":21,"isNormalized":false},{"name":"a_tangent","format":44,"isNormalized":false}]}]},"minPosition",8,[1,-0.0038852381985634565,-0.0038852118887007236,-0.001908097299747169],"maxPosition",8,[1,0.040000010281801224,0.03999999165534973,0.029147706925868988]]]],0,0,[],[],[]],[[[10,".bin",3264,2060863360,[{"primitives":[{"primitiveMode":7,"vertexBundelIndices":[0],"indexView":{"offset":2880,"length":384,"count":96,"stride":4}}],"vertexBundles":[{"view":{"offset":0,"length":2880,"count":60,"stride":48},"attributes":[{"name":"a_position","format":32,"isNormalized":false},{"name":"a_normal","format":32,"isNormalized":false},{"name":"a_texCoord","format":21,"isNormalized":false},{"name":"a_tangent","format":44,"isNormalized":false}]}]},"minPosition",8,[1,-0.012226080521941185,3.1831731917009165e-7,-0.009436246939003468],"maxPosition",8,[1,0.010297274217009544,0.006570718716830015,0.008640673942863941]]]],0,0,[],[],[]],[[[10,".bin",216,4257177547,[{"primitives":[{"primitiveMode":7,"vertexBundelIndices":[0],"indexView":{"offset":192,"length":24,"count":6,"stride":4}}],"vertexBundles":[{"view":{"offset":0,"length":192,"count":4,"stride":48},"attributes":[{"name":"a_position","format":32,"isNormalized":false},{"name":"a_normal","format":32,"isNormalized":false},{"name":"a_texCoord","format":21,"isNormalized":false},{"name":"a_tangent","format":44,"isNormalized":false}]}]},"minPosition",8,[1,0,0.019999999552965164,-0.03999999910593033],"maxPosition",8,[1,0.03999999910593033,0.019999999552965164,0]]]],0,0,[],[],[]]]]
