[1,["e76DXNDwJMAapG5+FhnJKx","d7Iti62mBMjruna3L57FEt","5dNBxBCvVF+7sqDqQplN7y","41M15OQEpJ26vxjnNpMNuC","efTo8R5o9GJInujE/PD20J","974YtEtrND15AAodaCIi/y","a3zQCfCrBCDZJ4uf2rk5u8","28cfsUdSVNPYgzDgMng6QX","632hH7tilD+rTzNq92Rvke","551OGJhAJMSKbT8F4W7c5a","5bue6usnlJOJFZzeqNU7Nq@8c5ae","1brw/JvvpFnIvdrxpFCgMZ","2c1JvwUcZFI73/W6ubkb9/@4ef96","2c1JvwUcZFI73/W6ubkb9/@90597","bajDUz+zdGcYTV66n4Tz/M@6c48a","f0Ip/VJRtJSIYzzsv6s//U@9006c","88VMGWZ45Dz5O0VET9eW5S@9c990","cbyZHmM1ZGNJAuNwJ5qXC2@af2d1","0fm1/EUu5OTZ/nyr5RDLJq@6c48a","e2gbgvS3JCyK/HrK9qpNFc@94d19","88EBGtRcVG6IYx1ThwpiON@1dc0f","f5r2ra6M1GxZ9AKqXCgK6o@c2c61","8fu80dCHxHF72F0+TfTrJb@6c48a","79COPErHBImpheN+lLyWKw@9abbd","44jJE6RrxPR7x4pzoMZyip@0b8ca","c35Yo/RU1HT4Z18bK8z1B4@f352c","85YoXlbzZANIWE4P6T696W@82e2e","5aKku5nYlBd425tPyTooFh","7dwVMIhcBIDaO226p6wp8u","7eVwfeWghGgrSzUMB5pEQ9","d4D2EU3cxKFrH7+mkZIZLH","96FV/LXSVMH5wT58pSFRes","f95TiUMbdGILrrSnMzoVAq","f2h9adEUNO54IwOfxeOs5S","46zqYQDRJKzqK/YRUnJEyr","4cKO0TMIpLU6FmIqjSlX79","c2GL9k7oFH55lsdIrEqLLZ","e9bFuRcYJN6a0P62Nf2nEe","d9lJ5bFupAP6K2raOELXaT","fd/qzzwkdFE7+EX7vsq/jH","9eNlp78ipMdbFEkJCU1GCV","10/sZ73XRAmpOcCjdqGe4W","0f6wkm6ThIiJXcjFHnSx74","2c1JvwUcZFI73/W6ubkb9/@d7de3","40uz0FACxKnK/2HXhd7Kqk","f4o4GH+q5CXLlTMd5if/B3","a3he4FAd9F6Kf5lZw1S0G7","64XcQVP0pMH6JkzrBf8wE2","16OVW3M4VFp6r6cpOZwCfv","85Lmz5SO5IMb9Iq+XAul5R","81sxQDXZFGUZaxFGjgrbly","b78MBuQ7dC+6ibNjvHsdUK","83qW7Q6ahF5YC1YlUCnix/"],["root","asset","node","data","_mesh","target","source","value","_effectAsset","_parent","mainTexture","scene","uiTrackNode","feedbackPrefab","prefabParticle"],[["cc.Node",["_name","_id","_prefab","_parent","_children","_components","_lpos","_lrot","_lscale","_euler"],1,4,1,2,9,5,5,5,5],["cc.Prefab",["_name"],2],["cc.PrefabInfo",["fileId","root","asset","targetOverrides"],2,1,1,9],["cc.Material",["_states","_defines","_techIdx","_props"],0,12],["cc.PrefabInstance",["fileId","prefabRootNode","propertyOverrides"],1,9],["cc.PrefabInfo",["fileId","root","instance","asset"],2,1,4,6],["cc.MeshRenderer",["node","__prefab","_materials","lightmapSettings","_mesh"],3,1,4,3,4,6],["cc.CompPrefabInfo",["fileId"],2],["cc.ModelLightmapSettings",[],3],["cc.Material",["_name","_props","_states","_defines"],-1],["cc.Mesh",["_native","_dataLength","_hash","_struct"],0,11],["cc.JsonAsset",["_name","json"],1],["cc.SceneAsset",["_name"],2],["cc.Scene",["_name","_children","_prefab","_globals"],2,12,4,4],["cc.TargetOverrideInfo",["propertyPath","source","sourceInfo","target","targetInfo"],2,1,4,1,4],["cc.TargetInfo",["localID"],2],["cc.SceneGlobals",["ambient","shadows","_skybox","fog"],3,4,4,4,4],["cc.AmbientInfo",[],3],["cc.ShadowsInfo",["_shadowColor"],3,5],["cc.SkyboxInfo",[],3],["cc.FogInfo",[],3],["cc.PrefabInstance",["fileId","prefabRootNode","propertyOverrides"],2,1,9],["CCPropertyOverrideInfo",["value","propertyPath","targetInfo"],1,4],["CCPropertyOverrideInfo",["propertyPath","targetInfo","value"],2,4,8],["CCPropertyOverrideInfo",["value","propertyPath","targetInfo"],1,1],["CCPropertyOverrideInfo",["propertyPath","targetInfo","value"],2,1,8],["CCPropertyOverrideInfo",["propertyPath","targetInfo","value"],2,4,6],["CCPropertyOverrideInfo",["propertyPath","targetInfo","value"],2,1,6],["7fd34bSu+VGn5RWZN51aRtH",["node"],3,1],["75f3b8nsXpIlr6ODFFX3tRE",["node"],3,1],["cc.BoxCollider",["_isTrigger","node","__prefab","_center"],2,1,4,5],["9c0a2WODRtCTbRFPBcJlVNW",["initialSpawnDelay","collectionTimer","node","__prefab","uiTrackNode","feedbackPrefab"],1,1,4,1,6],["fcd7afbWP5O4oNvukKP8i0w",["node","__prefab","collect"],3,1,4,3],["ef7f6Mo37VDMqe8/rLZA/Rw",["node","__prefab","prefabParticle"],3,1,4,6],["cc.RigidBody",["_group","_type","node","__prefab"],1,1,4]],[[25,0,1,2,2],[15,0,2],[5,0,1,2,3,2],[24,0,1,2,3],[0,3,2,1],[4,0,2,2],[23,0,1,2,2],[2,0,1,2,2],[7,0,2],[22,0,1,2,3],[1,0,2],[0,0,3,5,2,7,8,9,2],[6,0,1,2,3,4,1],[8,1],[10,0,1,2,3,4],[4,0,1,2,3],[0,0,4,2,2],[0,1,3,2,2],[14,0,1,2,3,4,2],[27,0,1,2,2],[0,0,1,3,3],[0,0,1,3,5,3],[3,0,1,3,3],[21,0,1,2,2],[26,0,1,2,2],[1,1],[0,0,4,2,6,2],[0,0,1,4,3],[0,0,4,5,2,2],[0,0,3,2,6,2],[2,3,1],[9,0,1,2,3,5],[3,2,0,1,3,4],[11,0,1,3],[12,0,2],[13,0,1,2,3,2],[16,0,1,2,3,1],[17,1],[18,0,1],[19,1],[20,1],[28,0,1],[29,0,1],[30,0,1,2,3,2],[31,0,1,2,3,4,5,3],[32,0,1,2,1],[33,0,1,2,1],[34,0,1,2,3,3]],[[[[10,"P_TileBlock_01"],[16,"P_TileBlock_01",[-2],[7,"cb4wrluqJVz5m8+y/2idSJ",-1,0]],[11,"TileBlock_01.001",1,[[12,-3,[8,"04DbmdRSZTvqGtvUnK4DYf"],[0],[13],1]],[7,"06/NYqm+NUYoiy0q+LiQRq",1,0],[3,-0.7071067811865475,0,0,0.7071067811865476],[1,100,100,100],[1,-90,0,0]]],0,[0,0,1,0,-1,2,0,2,2,0,3,1,3],[0,0],[-1,4],[1,10]],[[[31,"M_Floor_02",[{"metallic":0.4000000059604645,"roughness":0.30151134729385376}],[{"rasterizerState":{},"blendState":{"targets":[{}]},"depthStencilState":{}}],[{}]]],0,0,[0],[8],[11]],[[[14,".bin",216,375239495,[{"primitives":[{"primitiveMode":7,"vertexBundelIndices":[0],"indexView":{"offset":192,"length":24,"count":6,"stride":4}}],"vertexBundles":[{"view":{"offset":0,"length":192,"count":4,"stride":48},"attributes":[{"name":"a_position","format":32,"isNormalized":false},{"name":"a_normal","format":32,"isNormalized":false},{"name":"a_texCoord","format":21,"isNormalized":false},{"name":"a_tangent","format":44,"isNormalized":false}]}]},"minPosition",8,[1,-7.407007274196076e-8,-0.36000001430511475,0],"maxPosition",8,[1,0.6399999856948853,8.678151175445237e-8,0]]]],0,0,[],[],[]],[[[25],[16,"S_Floor_64x36",[-2],[7,"79M8zcmttZtYPwcHxnH7Yk",-1,0]],[11,"Floor_64x36.001",1,[[12,-3,[8,"ceQNssu7dbebzgsUFZ0aCQ"],[0],[13],1]],[7,"b90wKXoedYO5y1FyMUUXLA",1,0],[3,-0.7071068407911908,0,0,0.7071067215818992],[1,100,100,100],[1,-90.00000965934633,0,0]]],0,[0,0,1,0,-1,2,0,2,2,0,3,1,3],[0,0],[-1,4],[12,13]],[[[22,[{"rasterizerState":{},"depthStencilState":{},"blendState":{"targets":[{}]}}],[{"USE_TEXTURE":true}],[[[{},"mainColor",8,[4,5091583],"mainTexture",6,0]],11]]],0,0,[0,0],[10,8],[14,6]],[[[10,"P_BackgroundWallCornerInsideC01"],[16,"P_BackgroundWallCornerInsideC01",[-2],[7,"3fLEBZqWxSR7lEi3A2/e5l",-1,0]],[11,"BackgroundWallCornerInsideC01.001",1,[[12,-3,[8,"2eS8NJqflTJ5x+diRdSQ21"],[0,1],[13],2]],[7,"921uToo+5TiJkI7l5HF0cc",1,0],[3,-0.7071067811865475,0,0,0.7071067811865476],[1,100,100,100],[1,-90,0,0]]],0,[0,0,1,0,-1,2,0,2,2,0,3,1,3],[0,0,0],[-1,-2,4],[1,8,15]],[[[14,".bin",13728,347664747,[{"primitives":[{"primitiveMode":7,"vertexBundelIndices":[0],"indexView":{"offset":11040,"length":1392,"count":348,"stride":4}},{"primitiveMode":7,"vertexBundelIndices":[1],"indexView":{"offset":13584,"length":144,"count":36,"stride":4}}],"vertexBundles":[{"view":{"offset":0,"length":11040,"count":230,"stride":48},"attributes":[{"name":"a_position","format":32,"isNormalized":false},{"name":"a_normal","format":32,"isNormalized":false},{"name":"a_texCoord","format":21,"isNormalized":false},{"name":"a_tangent","format":44,"isNormalized":false}]},{"view":{"offset":12432,"length":1152,"count":24,"stride":48},"attributes":[{"name":"a_position","format":32,"isNormalized":false},{"name":"a_normal","format":32,"isNormalized":false},{"name":"a_texCoord","format":21,"isNormalized":false},{"name":"a_tangent","format":44,"isNormalized":false}]}]},"minPosition",8,[1,-0.00030844868160784245,-0.0005067646270617843,-0.0019080745987594128],"maxPosition",8,[1,0.03999999910593033,0.03999999910593033,0.02363366074860096]]]],0,0,[],[],[]],[[[10,"P_Cube_C01"],[16,"P_Cube_C01",[-2],[7,"53vaDe/d1RgL+CQumr0qBF",-1,0]],[11,"Cube_C01.004",1,[[12,-3,[8,"e9NNHXo0tQFb9nvQoUwxNI"],[0],[13],1]],[7,"480N1FF+FSHbNfL7hxvfZZ",1,0],[3,-0.7071067811865475,0,0,0.7071067811865476],[1,100,100,100],[1,-90,0,0]]],0,[0,0,1,0,-1,2,0,2,2,0,3,1,3],[0,0],[-1,4],[1,16]],[[[33,"map_level_02",{"compressionlevel":-1,"height":34,"infinite":false,"nextlayerid":7,"nextobjectid":1,"orientation":"orthogonal","renderorder":"right-down","tiledversion":"1.6.0","tileheight":128,"tilewidth":128,"type":"map","version":"1.6","width":62,"editorsettings":{"export":{"format":"json","target":"map_level_02.json"}},"layers":[{"height":34,"id":6,"name":"Navigation - Must always be the bottom layer","opacity":1,"type":"tilelayer","visible":true,"width":62,"x":0,"y":0,"data":[2,2,2,2,2,2,2,2,2,2,2,2,2,2,2,2,2,2,2,2,2,2,2,2,2,2,2,2,2,2,2,2,2,2,2,2,2,2,2,2,2,2,2,2,2,2,2,2,2,2,2,2,2,2,2,2,2,2,1,2,2,2,2,1,1,1,2,2,2,2,0,0,0,0,0,0,0,0,2,2,2,2,0,0,0,0,0,0,0,0,0,4,2,0,0,0,2,4,0,0,0,0,0,0,0,0,0,2,2,2,2,0,0,0,0,0,2,2,2,2,1,1,1,2,2,1,1,1,2,2,2,2,0,0,0,0,0,0,0,0,2,2,2,2,0,0,0,0,0,0,0,0,0,0,4,0,0,0,4,0,0,0,0,0,0,0,0,0,0,2,2,2,2,0,0,0,0,0,2,2,2,2,1,1,1,2,2,1,1,1,2,2,2,2,0,0,0,0,0,0,0,0,0,2,2,0,0,0,0,0,0,0,0,0,0,0,0,0,0,0,0,0,0,0,0,0,0,0,0,0,0,0,2,2,0,0,0,0,0,0,2,2,2,2,2,2,2,2,2,2,2,2,2,0,0,0,0,0,0,0,0,0,0,0,0,0,0,0,0,0,0,0,0,0,0,0,0,0,0,0,0,0,0,0,0,0,0,0,0,0,0,0,0,0,0,0,0,0,0,0,0,0,0,0,0,2,2,2,2,2,2,2,2,2,2,0,0,0,0,0,0,0,0,0,0,0,0,0,0,0,0,0,0,0,0,0,0,0,0,0,0,0,0,0,0,0,0,0,0,0,0,0,0,0,0,0,0,0,0,0,0,0,0,0,0,0,0,2,2,2,2,2,2,2,2,2,2,0,0,0,0,0,0,0,0,0,0,0,0,0,0,0,0,0,0,0,0,0,0,0,0,0,0,0,0,0,0,0,0,0,0,0,0,0,0,0,0,0,0,0,0,0,0,0,0,0,0,0,0,2,2,2,2,2,2,0,0,0,0,0,0,0,0,0,0,0,0,0,0,0,0,0,0,0,0,0,0,0,0,0,0,0,0,0,1,0,0,0,2,2,0,0,0,0,0,0,0,0,0,0,0,0,0,0,0,0,0,0,0,0,0,0,0,0,0,2,2,0,0,0,0,0,0,0,0,0,0,0,0,0,0,0,0,0,0,0,0,0,2,2,2,2,2,2,2,2,1,0,0,0,4,2,2,2,2,2,2,0,0,0,0,0,0,0,0,0,0,0,0,0,0,0,0,0,0,0,0,2,2,0,0,0,0,0,0,0,0,0,0,0,0,0,0,0,0,0,0,0,0,0,2,4,0,0,0,0,0,0,0,0,0,0,4,0,0,0,0,0,2,0,0,0,0,0,0,0,0,0,0,0,0,0,0,0,0,0,0,0,0,2,2,0,0,0,0,0,4,0,0,0,0,0,0,0,0,0,0,0,0,0,0,0,2,4,0,0,0,0,0,0,0,0,0,0,0,0,0,0,0,0,2,0,0,0,0,0,0,0,0,0,0,0,0,0,0,0,0,0,0,0,0,2,2,0,0,0,0,0,2,0,0,0,0,0,0,0,0,0,0,0,0,0,0,0,2,0,0,0,0,0,0,0,0,0,0,0,0,0,0,0,0,0,2,2,2,4,0,0,0,0,0,0,0,0,0,0,0,0,4,0,0,0,0,2,2,0,0,0,0,0,2,0,0,0,0,0,0,0,0,0,0,0,0,0,4,2,2,0,0,0,0,0,0,0,0,0,0,0,0,0,0,0,0,0,0,0,0,0,0,0,0,0,0,0,0,0,0,0,0,0,2,0,0,0,0,2,2,0,0,0,0,0,2,2,2,4,0,0,0,0,0,0,0,0,0,0,0,0,0,0,0,0,0,0,0,0,0,0,0,0,0,0,0,0,0,0,0,0,0,0,0,0,0,0,0,0,0,0,0,0,0,0,2,0,0,0,0,2,2,0,0,0,0,0,0,0,0,0,0,0,0,0,0,0,0,0,0,0,0,0,0,0,0,0,0,0,0,0,0,0,0,0,0,0,0,0,0,0,0,0,0,0,0,0,0,0,0,0,0,0,0,4,2,2,2,0,0,0,0,2,2,2,0,0,0,0,0,0,0,0,0,0,0,0,4,0,0,0,0,0,0,0,0,0,0,0,0,0,0,0,0,0,0,0,0,0,0,0,0,0,0,0,0,0,0,0,0,0,0,4,0,0,0,0,0,0,0,0,0,0,2,2,2,2,0,0,0,0,0,0,0,0,0,0,0,4,4,4,0,0,0,0,0,0,0,0,0,0,0,0,0,0,0,0,0,0,0,0,0,0,0,0,0,0,0,0,0,0,0,0,4,4,4,0,0,0,0,0,0,0,0,0,2,2,2,2,0,0,0,0,0,0,0,0,0,0,0,0,4,0,0,0,0,0,0,0,0,0,0,0,0,0,0,0,0,0,0,0,0,0,0,0,0,0,0,0,0,0,0,0,0,0,0,4,0,0,0,0,0,0,0,0,0,0,2,2,2,0,0,0,0,0,2,2,2,4,0,0,0,0,0,0,0,0,0,0,0,0,4,0,0,0,0,0,0,0,0,0,0,0,0,0,0,0,0,0,0,0,1,0,0,0,0,0,0,0,0,0,0,4,2,2,2,0,0,0,0,2,2,0,0,0,0,0,2,0,0,0,0,0,0,0,0,0,0,0,0,0,0,0,2,0,0,0,0,0,0,0,0,0,0,0,0,0,0,0,0,0,0,0,1,0,0,0,0,0,0,0,0,0,0,0,0,0,2,0,0,0,0,2,2,0,0,0,0,0,2,0,0,0,0,0,0,0,0,0,0,0,0,0,0,0,2,0,0,0,0,0,0,0,0,0,0,0,0,0,0,0,0,0,0,0,1,1,1,0,0,0,0,0,0,0,0,0,0,0,2,0,0,0,0,1,2,0,0,0,0,0,4,0,0,0,0,0,0,0,0,0,0,0,0,0,0,0,2,0,0,0,0,0,0,0,0,0,0,0,0,0,0,0,0,0,0,0,1,0,0,0,0,0,0,0,0,0,0,0,0,0,4,0,0,0,0,1,2,0,0,0,0,0,0,0,0,0,0,0,0,0,0,0,0,0,0,0,1,1,2,4,0,0,0,0,0,0,0,0,0,0,0,0,0,0,0,0,0,4,1,0,0,0,0,0,0,0,0,0,0,0,0,0,0,0,0,0,0,1,2,0,0,0,0,0,0,0,0,0,0,0,0,0,0,0,0,0,0,0,1,1,2,4,0,0,0,0,0,0,0,0,0,0,0,0,0,0,0,0,0,4,1,0,0,0,0,0,0,0,0,0,0,0,0,0,0,0,0,0,0,2,2,0,0,0,0,0,0,0,0,0,0,0,0,0,0,0,0,0,0,0,0,2,2,2,2,2,2,2,2,4,0,0,0,0,0,0,4,2,2,2,2,2,2,0,0,0,0,0,0,0,0,0,0,0,0,0,0,0,0,0,0,2,2,0,0,0,0,0,0,0,0,0,0,0,0,0,0,0,0,0,0,0,0,0,2,2,2,2,0,0,0,2,0,0,0,0,0,0,0,0,2,1,1,4,0,0,0,0,0,0,0,0,0,0,0,0,0,0,0,0,0,0,0,2,2,0,0,0,0,0,0,0,0,0,0,0,0,0,0,0,0,0,0,0,0,0,0,2,2,2,0,0,0,0,0,0,0,0,0,0,0,0,1,1,4,0,0,0,0,0,0,0,0,0,0,0,0,0,0,0,0,0,0,0,0,2,2,2,2,2,2,0,0,0,0,0,0,0,0,0,0,0,0,0,0,0,0,0,0,0,0,0,0,0,0,0,0,0,0,0,0,0,0,0,2,4,0,0,0,0,0,0,0,0,0,0,0,0,0,0,0,0,0,2,2,2,2,2,2,2,2,2,2,0,0,0,0,0,0,0,0,0,0,0,0,0,0,0,0,0,0,0,0,0,0,0,0,0,0,0,0,0,0,0,0,0,0,0,0,0,0,0,0,0,0,0,0,0,0,0,0,0,0,0,0,2,2,2,2,2,2,2,2,2,2,0,0,0,0,0,0,0,0,0,0,0,0,0,0,0,0,0,0,0,0,0,0,0,0,0,0,0,0,0,0,0,0,0,0,0,0,0,0,0,0,0,0,0,0,0,0,0,0,0,0,0,0,2,2,2,2,2,2,2,2,2,2,2,2,2,0,0,0,0,0,0,0,0,2,2,0,0,0,0,0,0,0,0,0,0,0,0,4,0,0,0,4,0,0,0,0,0,0,0,0,0,0,2,2,0,0,0,0,0,0,0,2,2,2,2,1,1,2,2,2,2,2,2,2,2,2,2,0,0,0,0,0,0,0,2,2,2,2,0,0,0,0,0,0,0,0,0,0,4,2,0,0,0,2,4,0,0,0,0,0,0,0,0,2,2,2,2,0,0,0,0,0,0,2,2,2,2,1,1,2,2,2,2,2,2,2,2,2,2,0,0,0,0,0,0,0,2,2,2,2,0,0,0,0,0,0,0,0,0,0,4,2,0,0,0,2,4,0,0,0,0,0,0,0,0,2,2,2,2,0,0,0,0,0,0,2,2,2,2,2,2,2,2,2,2,2,2,2,2,2,2,2,2,2,2,2,2,2,2,2,2,2,2,2,2,2,2,2,2,2,2,2,2,2,2,2,2,2,2,2,2,2,2,2,2,2,2,2,2,2,2,2,2,2,2,2,2,2,2,2,2,2,2,2,2]},{"height":34,"id":4,"name":"Map","opacity":1,"type":"tilelayer","visible":true,"width":62,"x":0,"y":0,"data":[0,0,0,0,0,0,0,0,0,0,0,0,0,0,0,0,0,0,0,0,0,0,0,0,0,0,0,0,0,0,0,0,0,0,0,0,0,0,0,0,0,0,0,0,0,0,0,0,0,0,0,0,0,0,0,0,0,0,0,0,0,0,0,0,0,0,0,0,0,0,0,0,0,0,0,0,0,0,0,0,0,0,0,0,0,0,0,0,0,0,0,0,0,3,3,3,0,0,0,0,0,0,0,0,0,0,0,0,0,0,0,0,0,0,0,0,0,0,0,0,0,0,0,0,0,0,0,0,0,0,0,0,0,0,0,0,0,0,0,0,0,0,0,0,0,0,0,0,0,0,0,0,0,0,0,3,0,3,0,0,0,0,0,0,0,0,0,0,0,0,0,0,0,0,0,0,0,0,0,0,0,0,0,0,0,0,0,0,0,0,0,0,0,0,0,0,0,0,0,0,0,0,0,0,0,0,0,0,0,0,0,0,0,0,0,0,0,0,0,0,0,0,0,0,0,0,0,0,0,0,0,0,0,0,0,0,0,0,0,0,0,0,0,0,0,0,0,0,0,0,0,0,0,3,3,3,0,0,0,0,0,0,0,0,0,0,0,0,0,0,0,0,0,0,0,0,0,0,0,0,0,0,0,0,0,0,0,0,0,0,0,0,0,0,0,0,0,0,0,0,0,0,3,3,3,0,0,0,0,0,0,0,0,0,0,3,0,0,0,0,0,0,0,0,0,0,0,0,0,0,0,0,0,0,0,0,0,0,0,0,0,0,0,0,0,0,0,0,0,0,0,0,0,0,0,0,0,0,0,0,0,0,0,0,0,0,3,0,0,0,0,0,0,0,0,0,0,3,0,0,0,0,0,0,0,0,0,0,0,0,0,0,0,0,0,0,0,0,0,0,0,0,0,0,0,0,0,0,3,0,0,0,0,0,0,0,0,0,0,0,0,0,0,0,0,0,0,0,3,0,0,0,0,0,0,0,0,0,0,0,0,0,0,0,0,0,0,0,0,0,0,0,0,0,0,0,0,0,0,0,3,3,3,3,0,0,0,0,0,0,3,3,0,0,0,0,0,0,0,0,0,0,0,0,0,0,0,0,0,0,0,0,0,0,0,0,0,0,0,0,0,0,0,0,0,0,0,0,0,0,0,0,0,0,0,0,0,3,0,0,0,0,0,0,0,0,0,0,0,0,0,0,0,0,0,0,0,3,0,0,0,0,0,0,0,0,0,0,0,0,0,0,0,0,0,0,0,0,0,0,0,0,0,0,0,0,0,0,0,0,0,0,0,0,0,0,0,0,0,3,0,0,3,3,3,3,0,0,0,0,0,0,0,0,0,3,3,3,0,3,0,0,0,0,0,0,0,0,0,0,0,0,0,0,0,0,0,0,0,0,0,0,0,0,0,0,0,3,0,0,0,0,0,0,0,0,0,0,0,0,0,3,0,0,3,3,0,0,0,0,0,0,0,0,0,0,0,0,0,3,0,3,3,3,0,0,0,0,0,0,0,0,0,0,0,0,0,0,0,0,0,0,0,0,0,0,0,0,0,3,0,0,0,0,0,0,0,0,0,0,0,0,3,3,0,0,0,0,0,0,0,0,0,0,0,0,0,0,0,0,0,3,0,0,0,0,0,0,0,0,0,0,0,0,0,0,0,3,0,0,0,0,0,0,0,0,0,0,0,0,0,3,3,3,0,0,0,0,0,0,0,0,0,0,0,0,0,0,0,0,0,0,0,0,0,0,0,0,0,0,0,0,0,0,0,0,0,0,0,0,0,0,0,0,0,0,0,0,0,3,0,0,0,0,0,0,0,0,0,0,0,0,0,0,0,0,0,0,0,0,0,0,0,0,0,0,0,0,0,0,0,0,0,0,0,0,0,0,0,0,0,0,0,0,0,0,0,0,0,0,0,0,0,0,0,0,0,0,0,3,3,3,0,0,0,0,0,0,0,0,0,0,0,0,0,0,0,0,0,0,0,0,0,0,0,0,0,0,0,0,0,0,0,0,0,0,0,0,0,0,0,0,0,0,0,0,0,0,0,0,0,0,0,0,0,0,0,0,0,0,0,0,0,0,0,0,0,0,0,0,0,0,0,0,0,0,0,0,0,0,0,0,0,0,0,0,0,0,0,0,0,0,0,0,0,0,0,0,0,0,0,0,3,0,0,0,0,0,0,0,0,0,0,0,0,0,0,0,0,0,0,0,0,0,0,0,0,0,0,0,0,0,0,0,0,0,0,0,0,0,0,0,0,0,0,0,0,0,0,0,0,0,0,0,0,0,0,0,0,0,0,0,0,3,3,3,0,0,0,0,0,0,0,0,0,0,0,0,0,0,0,0,0,0,0,0,0,0,0,0,0,0,0,0,0,0,0,0,0,0,0,0,0,0,0,0,0,0,0,0,0,0,0,0,0,0,0,0,0,0,0,0,0,0,3,3,0,3,3,0,0,0,0,0,0,0,0,0,0,0,0,0,0,0,0,0,0,0,0,0,0,0,0,0,0,0,0,0,0,0,0,0,0,0,0,0,0,0,0,0,0,0,0,0,0,0,0,3,0,0,0,0,0,0,0,0,0,3,3,3,0,0,0,0,0,0,0,0,0,0,0,0,0,0,0,0,0,0,0,0,0,0,0,0,0,0,0,0,0,0,0,0,0,0,0,3,3,3,0,0,0,0,0,0,0,0,0,0,0,3,0,3,0,0,0,0,0,0,0,0,3,0,0,0,0,0,0,0,0,0,0,0,0,0,0,0,0,0,0,0,0,3,3,3,0,0,0,0,0,0,0,0,0,0,0,0,0,3,0,0,0,0,0,0,0,0,0,0,0,0,0,3,0,3,0,0,0,0,0,0,0,0,0,0,0,0,0,0,0,0,0,0,0,0,0,0,0,0,0,0,0,0,0,0,0,3,0,0,0,0,0,0,0,0,0,0,0,0,0,3,0,0,0,0,0,0,0,0,0,0,0,0,3,3,0,3,3,0,0,0,0,0,0,0,0,0,0,0,0,0,0,0,3,3,0,3,3,0,0,0,0,0,0,0,0,0,0,3,0,0,0,0,0,0,0,0,0,0,0,0,0,0,0,0,0,0,0,0,0,0,0,0,0,0,0,0,0,0,3,0,0,0,0,0,0,0,0,0,0,0,0,0,0,0,3,0,0,3,0,0,0,0,0,0,0,0,0,0,0,0,0,0,0,0,0,0,0,0,0,0,0,0,0,0,0,0,0,0,0,0,0,0,0,0,0,0,0,0,0,0,3,3,3,3,0,0,0,0,0,0,0,0,0,3,3,3,3,0,0,3,0,0,0,0,0,0,0,0,0,0,0,0,0,0,0,0,0,0,0,0,0,0,0,0,0,0,0,0,0,0,0,0,0,0,0,0,0,0,0,0,0,0,0,0,0,0,0,0,0,0,0,0,0,0,0,0,0,0,0,0,0,0,0,0,0,0,0,0,0,0,0,0,0,0,0,0,0,0,0,0,0,0,0,0,0,0,0,0,0,0,0,0,0,0,0,0,0,0,0,0,0,0,0,0,0,0,3,3,3,0,0,0,0,0,0,0,3,3,0,0,0,0,0,0,0,0,0,0,0,0,0,0,0,0,0,0,0,0,0,0,0,0,0,0,0,0,0,0,0,0,0,0,0,0,0,0,0,0,0,0,0,0,0,0,0,0,0,0,0,0,0,0,0,0,0,0,0,0,0,3,0,0,0,0,0,0,0,0,0,0,0,0,0,0,0,0,0,0,0,0,0,0,0,0,0,0,0,0,0,3,0,0,0,0,0,0,0,0,0,0,0,0,0,0,0,0,0,0,0,0,0,0,0,0,0,0,0,0,0,0,0,3,0,0,0,0,0,0,0,0,0,0,0,0,0,0,0,0,0,0,3,0,0,0,0,0,0,0,0,0,0,3,0,0,0,0,0,0,0,0,0,0,0,0,0,0,0,0,0,0,0,0,0,0,0,0,0,0,0,0,0,0,0,0,0,0,0,0,0,0,0,0,0,0,0,0,0,0,0,0,0,0,3,0,0,0,0,0,0,0,0,0,0,3,3,3,0,0,0,0,0,0,0,0,0,0,0,0,0,0,0,0,0,0,0,0,0,0,0,0,0,0,0,0,0,0,0,0,0,0,0,0,0,0,0,0,0,0,0,0,0,0,3,3,3,0,0,0,0,0,0,0,0,0,0,0,0,0,0,0,0,0,0,0,0,0,0,0,0,0,0,0,0,0,0,0,0,0,0,0,0,3,3,3,0,0,0,0,0,0,0,0,0,0,0,0,0,0,0,0,0,0,0,0,0,0,0,0,0,0,0,0,0,0,0,0,0,0,0,0,0,0,0,0,0,0,0,0,0,0,0,0,0,0,0,0,0,0,0,0,0,0,0,3,3,3,0,0,0,0,0,0,0,0,0,0,0,0,0,0,0,0,0,0,0,0,0,0,0,0,0,0,0,0,0,0,0,0,0,0,0,0,0,0,0,0,0,0,0,0,0,0,0,0,0,0,0,0,0,0,0,0,0,0,0,3,3,3,0,0,0,0,0,0,0,0,0,0,0,0,0,0,0,0,0,0,0,0,0,0,0,0,0,0,0,0,0,0,0,0,0,0,0,0,0,0,0,0,0,0,0,0,0,0,0,0,0,0,0,0,0,0,0,0,0,0,0,0,0,0,0,0,0,0,0,0,0,0,0,0,0,0,0,0,0,0,0,0,0,0,0,0,0,0,0,0,0,0]},{"height":34,"id":5,"name":"Spawns","opacity":1,"type":"tilelayer","visible":true,"width":62,"x":0,"y":0,"data":[0,0,0,0,0,0,0,0,0,0,0,0,0,0,0,0,0,0,0,0,0,0,0,0,0,0,0,0,0,0,0,0,0,0,0,0,0,0,0,0,0,0,0,0,0,0,0,0,0,0,0,0,0,0,0,0,0,0,0,0,0,0,0,0,0,0,0,0,0,0,0,0,0,0,0,0,0,0,0,0,0,0,0,0,0,0,0,0,0,0,0,0,0,0,0,0,0,0,0,0,0,0,0,0,0,0,0,0,0,0,0,0,0,0,0,0,0,0,0,0,0,0,0,0,0,0,0,0,0,0,0,0,0,0,0,5,0,0,0,0,0,0,0,0,0,0,0,0,0,0,0,0,0,0,0,0,0,0,0,0,0,0,0,0,0,0,0,0,0,0,0,0,0,0,0,5,0,0,0,0,0,0,0,0,0,0,0,0,0,0,0,0,0,0,0,0,0,0,0,0,0,0,0,0,0,0,0,0,0,0,0,0,0,0,0,0,0,0,0,0,0,0,0,0,0,0,0,0,0,0,0,0,0,0,0,0,0,0,0,0,0,0,0,0,0,0,0,0,0,0,0,0,0,0,0,0,0,0,0,0,0,0,0,0,0,0,0,0,0,0,0,0,0,0,0,0,0,0,0,0,5,0,0,0,0,0,0,0,0,0,0,0,0,0,0,0,0,0,0,0,0,0,0,0,0,0,0,0,0,0,0,0,0,0,0,0,0,0,0,0,0,0,0,0,0,0,0,0,0,0,0,0,0,0,0,0,0,0,0,0,0,0,0,0,0,0,0,0,0,0,0,0,0,0,0,0,0,0,0,0,0,0,0,0,0,0,0,0,0,0,0,0,0,0,0,0,0,0,0,0,0,0,0,0,0,0,0,0,0,0,0,0,0,0,0,0,0,0,0,0,0,0,0,0,0,0,0,0,0,0,0,0,0,0,0,0,0,0,0,0,0,0,0,0,0,0,0,0,0,0,0,0,0,0,0,0,0,0,0,0,0,0,0,0,0,0,0,0,0,0,0,0,0,0,0,5,0,0,0,0,0,0,0,0,0,0,0,0,0,0,0,0,0,0,0,0,5,0,0,0,0,0,0,0,0,0,0,0,0,0,0,0,0,0,0,0,0,0,0,0,0,0,0,0,0,0,0,0,0,0,0,0,0,0,0,0,0,0,0,0,0,0,0,0,0,0,0,0,0,0,0,0,0,0,0,0,0,0,0,0,0,0,0,0,0,0,0,0,0,0,0,0,0,0,0,0,0,0,0,0,0,0,0,0,0,0,0,0,0,0,0,0,0,0,0,0,0,0,0,0,0,0,0,0,0,0,0,0,0,0,0,0,0,0,0,0,0,0,0,0,0,0,0,0,0,0,0,0,0,0,0,0,0,0,0,0,0,5,0,0,0,0,8,0,0,0,0,0,0,0,0,0,0,0,0,0,0,0,0,0,0,0,0,0,0,0,0,0,0,0,0,0,0,0,0,0,0,0,0,0,0,0,0,0,0,0,0,0,0,0,0,0,0,0,0,0,0,0,0,0,0,0,0,0,0,0,0,0,0,0,0,0,0,0,0,0,0,0,0,0,0,0,0,0,0,0,0,0,0,0,0,0,0,0,0,0,0,0,0,0,0,0,0,0,0,0,0,0,0,0,0,0,0,0,0,0,0,0,0,0,0,0,0,0,0,0,0,0,0,0,0,0,0,0,0,0,0,0,0,0,0,0,0,0,0,0,0,0,0,0,0,0,0,0,0,0,0,0,0,0,0,0,0,0,0,0,0,0,0,0,0,0,0,0,0,0,0,0,0,0,0,0,0,0,0,0,0,0,0,0,0,0,0,0,0,0,0,0,0,0,0,0,0,0,0,0,0,0,0,0,0,0,0,0,0,0,0,0,0,0,0,0,0,0,0,0,0,0,0,0,0,0,0,0,0,0,0,0,0,0,0,0,0,0,0,0,0,0,0,0,0,0,0,0,0,0,0,0,0,0,0,0,0,0,0,0,0,0,0,0,0,0,0,0,0,0,0,0,0,0,0,0,0,0,0,0,0,0,0,0,0,0,0,0,0,0,0,0,0,0,0,0,0,0,0,0,0,0,0,0,0,0,0,0,0,0,0,0,0,0,0,0,0,0,0,0,0,0,0,0,0,0,0,0,0,0,0,0,0,0,0,0,0,0,0,0,0,0,0,0,0,0,0,0,0,0,0,0,0,0,0,0,0,0,0,0,0,0,0,0,0,0,0,0,0,0,0,0,0,0,0,0,0,0,0,0,0,0,0,0,0,0,0,0,0,0,0,0,0,0,0,0,0,0,0,0,0,0,0,0,0,0,0,0,0,0,0,0,0,0,0,0,0,0,0,0,0,0,0,0,0,0,0,0,0,0,0,0,0,0,0,0,0,0,0,0,0,0,0,0,0,0,0,0,0,0,0,0,0,0,0,0,0,0,0,0,0,0,0,0,0,0,0,0,0,0,0,0,0,0,0,0,0,0,0,0,0,0,0,0,0,0,0,0,0,0,0,0,0,0,0,0,0,0,0,0,0,0,0,0,0,0,0,0,0,0,0,0,0,0,0,0,0,0,0,0,0,0,0,0,0,0,0,0,0,0,0,0,0,0,0,0,0,0,0,0,0,0,0,0,0,0,0,0,0,0,0,0,0,0,0,0,0,0,0,0,0,0,0,0,0,0,0,0,0,0,0,0,0,0,0,0,0,0,0,0,0,0,0,0,0,0,0,0,0,0,0,0,0,0,0,0,0,0,0,0,0,0,0,0,0,0,0,0,0,0,0,0,0,0,0,0,0,0,0,0,0,0,0,0,0,0,0,0,0,0,0,0,0,0,0,0,0,0,0,0,0,0,0,0,0,0,0,0,0,0,0,0,0,0,0,0,0,0,0,0,0,0,0,0,0,0,0,0,0,0,0,0,0,0,0,0,0,0,0,0,0,0,0,0,0,0,0,0,0,0,0,0,0,0,0,0,0,0,0,0,0,0,0,0,0,0,0,0,0,0,0,0,0,0,0,0,0,0,0,0,0,0,0,0,0,0,0,0,0,0,0,0,0,0,0,0,0,0,0,0,0,0,0,0,0,0,0,0,0,0,0,0,0,0,0,0,0,0,0,0,0,0,0,0,0,0,0,0,0,0,0,0,0,0,0,0,0,0,0,0,0,0,0,0,0,0,0,0,0,0,0,0,0,0,0,0,0,0,0,0,0,0,0,0,0,0,0,0,0,0,0,0,0,0,0,0,0,0,0,0,0,0,0,0,0,0,0,0,0,0,0,0,0,0,0,0,0,0,0,0,0,0,0,0,0,0,0,0,0,0,0,0,0,0,0,0,0,0,0,8,0,0,0,0,5,0,0,0,0,0,0,0,0,0,0,0,0,0,0,0,0,0,0,0,0,0,0,0,0,0,0,0,0,0,0,0,0,0,0,0,0,0,0,0,0,0,0,0,0,0,0,0,0,0,0,0,0,0,0,0,0,0,0,0,0,0,0,0,0,0,0,0,0,0,0,0,0,0,0,0,0,0,0,0,0,0,0,0,0,0,0,0,0,0,0,0,0,0,0,0,0,0,0,0,0,0,0,0,0,0,0,0,0,0,0,0,0,0,0,0,0,0,0,0,0,0,0,0,0,0,0,0,0,0,0,0,0,0,0,0,0,0,0,0,0,0,0,5,0,0,0,0,0,0,0,0,0,0,0,0,0,0,0,0,0,0,0,0,5,0,0,0,0,0,0,0,0,0,0,0,0,0,0,0,0,0,0,0,0,0,0,0,0,0,0,0,0,0,0,0,0,0,0,0,0,0,0,0,0,0,0,0,0,0,0,0,0,0,0,0,0,0,0,0,0,0,0,0,0,0,0,0,0,0,0,0,0,0,0,0,0,0,0,0,0,0,0,0,0,0,0,0,0,0,0,0,0,0,0,0,0,0,0,0,0,0,0,0,0,0,0,0,0,0,0,0,0,0,0,0,0,0,0,0,0,0,0,0,0,0,0,0,0,0,0,0,0,0,0,0,0,0,0,0,0,0,0,0,0,0,0,0,0,0,0,0,0,0,0,0,0,0,0,0,0,0,0,0,0,0,0,0,0,0,0,0,0,0,0,0,0,0,0,0,0,0,0,0,0,0,0,0,0,0,0,0,0,0,0,0,0,0,0,0,0,0,0,0,0,0,0,0,0,0,0,0,0,0,0,0,0,0,0,0,0,0,0,0,0,0,0,0,0,0,0,0,0,0,0,0,0,0,0,0,0,0,0,0,0,0,0,0,0,0,0,0,0,0,0,0,0,0,0,0,0,0,0,0,0,0,0,0,0,0,0,0,0,0,0,0,0,0,0,0,0,0,0,5,0,0,0,0,0,0,0,0,0,0,0,0,0,0,0,0,0,0,0,0,0,0,0,0,0,0,0,0,0,0,0,0,0,0,0,0,0,0,0,5,0,0,0,0,0,0,0,0,0,0,0,0,0,0,0,0,0,0,0,0,0,0,0,0,0,0,0,0,0,0,0,0,0,0,0,0,0,0,0,0,0,0,0,0,0,0,0,0,0,0,0,0,0,0,0,0,0,0,0,0,0,0,0,0,0,0,0,0,0,0,0,0,0,0,0,0,0,0,0,0,0,0,0,0,0,0,0,0,0,0,0,0,0,0,0,0,0,0,0,0,0,0,0,0,0,0,0,0,0,0,0,0,0,0,0,0,0,0,0,0,0,0,0,0,0,0,0,0,0,0,0,0,0,0]},{"height":34,"id":3,"name":"Objects","opacity":1,"type":"tilelayer","visible":true,"width":62,"x":0,"y":0,"data":[0,0,0,0,0,0,0,0,0,0,0,0,0,0,0,0,0,0,0,0,0,0,0,0,0,0,0,0,0,0,0,0,0,0,0,0,0,0,0,0,0,0,0,0,0,0,0,0,0,0,0,0,0,0,0,0,0,0,0,0,0,0,0,0,0,0,0,0,0,0,0,0,0,0,0,0,0,0,0,0,0,0,0,0,0,0,0,0,0,0,0,0,0,0,0,0,0,0,0,0,0,0,0,0,0,0,0,0,0,0,0,0,0,0,0,0,0,0,0,0,0,0,0,0,0,0,0,0,0,0,0,0,0,0,0,0,0,0,0,0,0,0,0,0,0,0,0,0,0,0,0,0,0,0,0,0,7,0,0,0,0,0,0,0,0,0,0,0,0,0,0,0,0,0,0,0,0,0,0,0,0,0,0,0,0,0,0,0,0,0,0,0,0,0,0,0,0,0,0,0,0,0,0,0,0,0,0,0,0,0,0,0,0,0,0,0,0,0,0,0,0,0,0,0,0,0,0,0,0,0,0,0,0,0,0,0,0,0,0,0,0,0,0,0,0,0,0,0,0,0,0,0,0,0,0,0,0,0,0,0,0,0,0,0,0,0,0,0,0,0,0,0,0,0,0,0,0,0,0,0,0,0,0,0,0,0,0,0,0,0,0,0,0,0,0,0,0,0,0,0,0,0,0,0,0,0,0,0,0,0,0,0,0,0,0,0,7,0,0,0,0,0,0,0,0,0,0,0,0,0,0,0,0,0,0,0,0,0,0,0,0,0,0,0,0,0,0,0,0,0,0,0,0,0,0,0,0,0,0,0,0,0,0,0,0,7,0,0,0,0,0,0,0,0,0,0,0,0,0,0,0,0,0,0,0,0,0,0,0,0,0,0,0,0,0,0,0,0,0,0,0,0,0,0,0,0,0,0,0,0,0,0,0,0,0,0,0,0,0,0,0,0,0,0,0,0,0,0,0,0,0,0,0,0,0,0,0,0,0,0,0,0,0,0,0,0,0,0,0,0,0,0,0,0,0,0,0,0,0,0,0,0,0,0,0,0,0,0,0,0,0,0,0,0,0,0,0,0,0,0,0,0,0,0,0,0,0,0,0,0,0,0,0,0,0,0,0,0,0,0,0,0,0,0,0,0,0,0,0,0,0,0,0,0,0,0,0,0,0,0,0,0,0,0,0,0,0,0,0,0,0,0,0,0,0,0,0,0,0,0,0,0,0,0,0,0,0,0,0,0,0,0,0,0,0,0,0,0,0,0,0,0,0,0,0,0,0,0,0,0,0,0,0,0,0,0,0,0,0,0,0,0,0,0,0,0,0,0,0,0,0,0,0,0,0,0,0,0,0,0,7,0,0,0,0,0,0,0,0,0,0,0,0,0,0,0,0,0,0,0,0,0,0,0,0,0,0,0,0,0,0,0,0,0,0,0,0,0,0,0,7,0,0,0,0,0,7,0,0,0,0,0,0,0,0,0,0,0,7,0,0,0,0,0,0,0,0,0,0,0,0,0,0,0,0,0,0,0,0,0,0,0,0,0,0,0,0,0,0,0,7,0,0,0,0,0,0,0,0,0,0,0,0,0,0,0,0,0,0,0,0,0,0,0,0,0,0,0,0,0,0,0,0,0,0,0,0,0,0,0,0,0,0,0,0,0,0,0,0,0,0,0,0,0,0,0,0,0,0,0,0,0,0,0,0,0,0,0,0,0,0,0,0,0,0,0,0,0,0,0,0,0,0,0,0,0,0,0,0,0,0,0,0,0,0,0,0,0,0,0,0,0,0,0,0,0,0,0,7,0,0,0,0,0,0,0,0,0,0,0,0,0,0,0,0,0,0,0,0,0,0,0,0,0,0,0,0,0,0,0,0,0,0,0,0,0,0,0,0,0,0,0,0,0,0,0,0,0,0,0,0,0,0,0,0,0,0,0,0,0,0,0,0,0,0,0,0,0,0,0,0,0,0,0,0,0,0,0,0,0,0,0,0,0,0,0,0,0,0,0,0,0,0,0,0,0,0,0,0,0,0,0,0,0,0,0,0,0,0,0,0,0,0,0,0,0,0,0,0,0,0,0,0,0,0,0,0,0,0,0,0,0,0,0,0,0,0,0,0,0,0,0,0,0,0,0,0,0,0,0,0,0,0,0,0,0,0,0,0,0,0,0,0,0,0,0,0,0,0,0,0,0,0,0,0,0,0,0,0,0,0,0,0,0,0,0,0,0,0,0,0,0,0,0,0,0,0,0,0,0,0,0,0,0,0,0,0,0,0,0,0,0,0,0,0,0,0,0,0,0,0,0,0,0,0,0,0,0,0,0,0,0,0,0,0,0,0,0,0,0,0,0,0,0,0,0,0,0,0,0,0,0,0,0,0,0,0,0,0,0,0,0,0,0,0,0,0,0,0,0,0,0,0,0,0,0,0,0,0,0,0,0,0,0,0,0,7,0,0,0,0,0,0,0,0,0,0,0,0,0,0,0,0,0,0,0,0,0,0,0,0,0,0,0,0,0,0,0,0,0,0,0,0,0,0,0,0,0,0,0,0,0,0,0,0,0,0,0,0,0,0,0,0,0,0,0,0,0,0,0,0,0,0,0,0,0,0,0,0,0,0,0,0,0,0,0,0,0,0,0,0,0,0,0,0,0,0,0,0,0,0,0,0,0,0,0,0,0,0,0,0,0,0,0,0,0,0,0,0,0,0,0,0,0,0,0,0,0,0,0,0,0,0,0,0,0,0,0,0,0,0,0,0,0,0,0,0,0,0,0,0,0,0,0,0,0,0,0,0,0,0,0,0,0,0,0,0,0,7,0,0,0,0,0,0,0,0,0,0,0,0,0,0,0,0,0,0,0,0,0,0,0,0,0,0,0,0,0,0,0,0,0,0,0,0,0,0,0,0,0,0,0,0,0,7,0,0,0,0,0,0,0,0,0,0,0,0,0,0,0,0,0,0,0,0,0,0,0,0,0,0,0,0,0,0,0,0,0,0,0,0,0,0,0,0,0,0,0,0,0,0,0,0,0,0,0,0,0,0,0,0,0,0,0,0,0,0,0,0,0,0,0,0,0,0,0,0,0,0,0,0,0,0,0,0,0,0,0,0,0,0,0,0,0,0,0,0,0,0,7,0,0,0,0,0,0,0,0,0,0,0,0,0,7,0,0,0,0,7,0,0,0,0,0,0,0,0,0,0,0,0,0,0,0,0,0,0,0,0,0,0,0,0,0,0,0,0,0,0,0,0,0,0,0,0,0,0,0,0,0,0,0,0,0,0,0,0,0,0,0,0,0,0,0,0,0,0,0,0,0,0,0,0,0,0,0,0,0,0,0,0,0,0,0,0,0,0,0,0,0,0,0,0,0,0,0,0,0,0,0,0,0,0,0,0,0,0,0,0,0,0,0,0,0,0,0,0,0,0,0,0,0,0,0,0,0,0,0,0,0,0,0,0,0,0,0,0,0,0,0,0,0,0,0,0,0,0,0,0,0,0,0,0,0,0,0,0,0,0,0,0,0,0,0,0,0,0,0,0,0,0,0,0,0,0,0,0,0,0,0,0,0,0,0,0,0,0,0,0,0,0,0,0,0,0,0,0,0,0,0,0,0,0,0,0,0,0,0,0,0,0,0,0,0,0,0,0,0,0,0,0,0,0,0,0,0,0,0,0,0,0,0,0,0,0,0,0,0,0,7,0,0,0,0,0,0,0,0,0,0,0,0,0,0,0,0,0,0,0,0,0,0,0,0,0,0,0,0,0,0,0,0,0,0,0,0,0,0,0,0,0,0,0,0,0,0,0,0,0,0,0,0,0,0,0,0,0,0,0,0,0,0,0,0,0,0,0,0,0,0,0,0,0,0,0,0,0,0,0,0,0,0,0,0,0,0,0,0,0,0,0,0,0,0,0,0,0,0,0,0,0,0,7,0,0,0,0,0,0,0,0,0,0,0,0,0,0,0,0,0,0,0,0,0,0,0,0,0,0,0,0,0,0,0,0,0,0,0,0,0,0,0,0,0,0,0,0,0,0,0,0,7,0,0,0,0,0,0,0,0,0,0,0,0,0,0,0,0,0,0,0,0,0,0,0,0,0,0,0,0,0,0,0,0,0,0,0,0,0,0,0,0,0,0,0,0,0,0,0,0,0,0,0,0,0,0,0,0,0,0,0,0,0,0,0,0,0,0,0,0,0,0,0,0,0,0,0,0,0,0,0,0,0,0,0,0,0,0,0,0,0,0,0,0,0,0,0,0,0,0,0,0,0,0,0,0,0,0,0,0,0,0,0,0,0,0,0,0,0,0,0,0,0,0,0,0,0,0,0,0,0,0,0,0,0,0,0,0,0,0,0,0,0,0,0,0,0,0,0,0,0,0,0,0,0,0,0,0,0,0,0,0,0,0,7,0,0,0,0,0,0,0,0,0,0,0,0,0,0,0,0,0,0,0,0,0,0,0,0,0,0,0,0,0,0,0,0,0,0,0,0,0,0,0,0,0,0,0,0,0,0,0,0,0,0,0,0,0,0,0,0,0,0,0,0,0,0,0,0,0,0,0,0,0,0,0,0,0,0,0,0,0,0,0,0,0,0,0,0,0,0,0,0,0,0,0,0,0,0,0,0,0,0,0,0,0,0,0,0,0,0,0,0,0,0,0,0,0,0,0,0,0,0,0,0,0,0,0,0,0,0,0,0,0,0,0,0,0,0,0,0,0,0,0,0,0,0,0,0,0,0,0,0,0,0,0,0,0]}],"tilesets":[{"firstgid":1,"source":"../../tiled/tileset.tsx"}]}]],0,0,[],[],[]],[[[14,".bin",1296,2568962809,[{"primitives":[{"primitiveMode":7,"vertexBundelIndices":[0],"indexView":{"offset":1152,"length":144,"count":36,"stride":4}}],"vertexBundles":[{"view":{"offset":0,"length":1152,"count":24,"stride":48},"attributes":[{"name":"a_position","format":32,"isNormalized":false},{"name":"a_normal","format":32,"isNormalized":false},{"name":"a_texCoord","format":21,"isNormalized":false},{"name":"a_tangent","format":44,"isNormalized":false}]}]},"minPosition",8,[1,-0.004336284473538399,-0.0028300751000642776,0],"maxPosition",8,[1,0.004336284473538399,0.0028300751000642776,0.005031032953411341]]]],0,0,[],[],[]],[[[10,"P_TileBlock_03"],[16,"P_TileBlock_03",[-2],[7,"29tGq6s9pRpqKZ5TqYH6QW",-1,0]],[11,"TileBlock_03.001",1,[[12,-3,[8,"6fWiGV6SRUbrVMtdStUUQ/"],[0],[13],1]],[7,"67/QCBzXJZipxZw4jFVQ8U",1,0],[3,-0.7071067811865475,0,0,0.7071067811865476],[1,100,100,100],[1,-90,0,0]]],0,[0,0,1,0,-1,2,0,2,2,0,3,1,3],[0,0],[-1,4],[1,17]],[[[32,"0",[{"rasterizerState":{},"depthStencilState":{},"blendState":{"targets":[{}]}}],[{"USE_INSTANCING":true,"USE_TEXTURE":true}],[[[{},"mainColor",8,[4,4290617087],"mainTexture",6,0]],11]]],0,0,[0,0],[10,8],[18,6]],[[[14,".bin",25752,4224341784,[{"primitives":[{"primitiveMode":7,"vertexBundelIndices":[0],"indexView":{"offset":21312,"length":4440,"count":1110,"stride":4}}],"vertexBundles":[{"view":{"offset":0,"length":21312,"count":444,"stride":48},"attributes":[{"name":"a_position","format":32,"isNormalized":false},{"name":"a_normal","format":32,"isNormalized":false},{"name":"a_texCoord","format":21,"isNormalized":false},{"name":"a_tangent","format":44,"isNormalized":false}]}]},"minPosition",8,[1,-0.004669868852943182,-0.0046583060175180435,-0.0001283603924093768],"maxPosition",8,[1,0.0045898896642029285,0.004601452499628067,0.010279799811542034]]]],0,0,[],[],[]],[[[14,".bin",216,1807840855,[{"primitives":[{"primitiveMode":7,"vertexBundelIndices":[0],"indexView":{"offset":192,"length":24,"count":6,"stride":4}}],"vertexBundles":[{"view":{"offset":0,"length":192,"count":4,"stride":48},"attributes":[{"name":"a_position","format":32,"isNormalized":false},{"name":"a_normal","format":32,"isNormalized":false},{"name":"a_texCoord","format":21,"isNormalized":false},{"name":"a_tangent","format":44,"isNormalized":false}]}]},"minPosition",8,[1,0,-3.258416869655889e-9,0.020000018179416656],"maxPosition",8,[1,0.03999999910593033,0.03999999910593033,0.020000025629997253]]]],0,0,[],[],[]],[[[14,".bin",61080,22126435,[{"primitives":[{"primitiveMode":7,"vertexBundelIndices":[0],"indexView":{"offset":54576,"length":6504,"count":1626,"stride":4}}],"vertexBundles":[{"view":{"offset":0,"length":54576,"count":1137,"stride":48},"attributes":[{"name":"a_position","format":32,"isNormalized":false},{"name":"a_normal","format":32,"isNormalized":false},{"name":"a_texCoord","format":21,"isNormalized":false},{"name":"a_tangent","format":44,"isNormalized":false}]}]},"minPosition",8,[1,-0.004527755547314882,-0.004847305361181498,0],"maxPosition",8,[1,0.004527765326201916,0.005290542729198933,0.00799737498164177]]]],0,0,[],[],[]],[[[14,".bin",43224,772758455,[{"primitives":[{"primitiveMode":7,"vertexBundelIndices":[0],"indexView":{"offset":38688,"length":4536,"count":1134,"stride":4}}],"vertexBundles":[{"view":{"offset":0,"length":38688,"count":806,"stride":48},"attributes":[{"name":"a_position","format":32,"isNormalized":false},{"name":"a_normal","format":32,"isNormalized":false},{"name":"a_texCoord","format":21,"isNormalized":false},{"name":"a_tangent","format":44,"isNormalized":false}]}]},"minPosition",8,[1,-0.004747764673084021,-0.004747793544083834,-0.00008752734720474109],"maxPosition",8,[1,0.004747769329696894,0.004747738596051931,0.009408005513250828]]]],0,0,[],[],[]],[[[10,"P_TileBlock_02"],[16,"P_TileBlock_02",[-2],[7,"84C9bwyeJbnZ9KLFPuC5Ff",-1,0]],[11,"TileBlock_02.001",1,[[12,-3,[8,"3dhLiLcZVYta6mxbjMmWw2"],[0],[13],1]],[7,"7c3U8cUNRRxYmqvCBJNuPx",1,0],[3,-0.7071067811865475,0,0,0.7071067811865476],[1,100,100,100],[1,-90,0,0]]],0,[0,0,1,0,-1,2,0,2,2,0,3,1,3],[0,0],[-1,4],[1,19]],[[[10,"P_Chest_C01"],[26,"P_Chest_C01",[-2],[7,"320lefNodetriWooKgw9nN",-1,0],[1,4,0,0]],[11,"Chest_C01.001",1,[[12,-3,[8,"b5J7+u+2BYeYgucf5cTo7r"],[0],[13],1]],[7,"e5yY5GSOBfwYztdqgoUNl4",1,0],[3,-0.7071067811865475,0,0,0.7071067811865476],[1,100,100,100],[1,-90,0,0]]],0,[0,0,1,0,-1,2,0,2,2,0,3,1,3],[0,0],[-1,4],[1,20]],[[[10,"P_Cube_C02"],[16,"P_Cube_C02",[-2],[7,"0fO+D05eJYgrvTUHTCEQ+M",-1,0]],[11,"Cube_C02.002",1,[[12,-3,[8,"e04UunxClTu5ncqPDnlmhP"],[0],[13],1]],[7,"1ayK1ztoVW4bzcrpTsuGzm",1,0],[3,-0.7071067811865475,0,0,0.7071067811865476],[1,100,100,100],[1,-90,0,0]]],0,[0,0,1,0,-1,2,0,2,2,0,3,1,3],[0,0],[-1,4],[1,21]],[[[14,".bin",8416,2096800172,[{"primitives":[{"primitiveMode":7,"vertexBundelIndices":[0],"indexView":{"offset":7552,"length":864,"count":216,"stride":4}}],"vertexBundles":[{"view":{"offset":0,"length":7552,"count":118,"stride":64},"attributes":[{"name":"a_position","format":32,"isNormalized":false},{"name":"a_normal","format":32,"isNormalized":false},{"name":"a_texCoord","format":21,"isNormalized":false},{"name":"a_tangent","format":44,"isNormalized":false},{"name":"a_color","format":44,"isNormalized":false}]}]},"minPosition",8,[1,-0.004993426613509655,-0.006622779183089733,-0.00013273709919303656],"maxPosition",8,[1,0.006041877903044224,0.005544309038668871,0.009546325542032719]]]],0,0,[],[],[]],[[[14,".bin",1968,1890691402,[{"primitives":[{"primitiveMode":7,"vertexBundelIndices":[0],"indexView":{"offset":1728,"length":240,"count":60,"stride":4}}],"vertexBundles":[{"view":{"offset":0,"length":1728,"count":36,"stride":48},"attributes":[{"name":"a_position","format":32,"isNormalized":false},{"name":"a_normal","format":32,"isNormalized":false},{"name":"a_texCoord","format":21,"isNormalized":false},{"name":"a_tangent","format":44,"isNormalized":false}]}]},"minPosition",8,[1,-0.0027304876130074263,-0.0028506582602858543,0],"maxPosition",8,[1,0.0030118694994598627,0.0028094917070120573,0.005031032953411341]]]],0,0,[],[],[]],[[[22,[{"rasterizerState":{},"depthStencilState":{},"blendState":{"targets":[{}]}}],[{"USE_INSTANCING":true,"USE_TEXTURE":true}],[[[{},"mainTexture",6,0]],11]]],0,0,[0,0],[10,8],[22,6]],[[[10,"P_Barrel_C01"],[16,"P_Barrel_C01",[-2],[7,"52jn20LxlTUJhfdUhuIsFl",-1,0]],[11,"Barrel_C01.002",1,[[12,-3,[8,"9bTxkuBgJTN55c28MreI7y"],[0],[13],1]],[7,"2eWIiyjnZSybbILd+MuQb6",1,0],[3,-0.7071067811865475,0,0,0.7071067811865476],[1,100,100,100],[1,-90,0,0]]],0,[0,0,1,0,-1,2,0,2,2,0,3,1,3],[0,0],[-1,4],[1,23]],[[[14,".bin",1632,3715981807,[{"primitives":[{"primitiveMode":7,"vertexBundelIndices":[0],"indexView":{"offset":1440,"length":192,"count":48,"stride":4}}],"vertexBundles":[{"view":{"offset":0,"length":1440,"count":30,"stride":48},"attributes":[{"name":"a_position","format":32,"isNormalized":false},{"name":"a_normal","format":32,"isNormalized":false},{"name":"a_texCoord","format":21,"isNormalized":false},{"name":"a_tangent","format":44,"isNormalized":false}]}]},"minPosition",8,[1,-0.004336284473538399,-0.0028300751000642776,0],"maxPosition",8,[1,0.004336284473538399,0.0028300751000642776,0.005031034350395203]]]],0,0,[],[],[]],[[[10,"P_BackgroundWall_C01"],[16,"P_BackgroundWall_C01",[-2],[7,"b19OpSvKVfypPrt1A0Kuyv",-1,0]],[11,"BackgroundWall_C01.001",1,[[12,-3,[8,"53VWPx329W9L1ZLQtJsEd2"],[0,1],[13],2]],[7,"d54besu4dfb4w8Iu0RV8fF",1,0],[3,-0.7071067811865475,0,0,0.7071067811865476],[1,100,100,100],[1,-90,0,0]]],0,[0,0,1,0,-1,2,0,2,2,0,3,1,3],[0,0,0],[-1,-2,4],[1,8,24]],[[[10,"P_Plants_C01"],[16,"P_Plants_C01",[-2],[7,"75fk2ubNFVQoKNVE9YaYSp",-1,0]],[11,"Plants_C01.001",1,[[12,-3,[8,"f170ZmOnhfc7NSCWjGhbNu"],[0],[13],1]],[7,"c5KS3cBN1eDpHcD3IfWDL6",1,0],[3,-0.7071067811865475,0,0,0.7071067811865476],[1,100,100,100],[1,-90,0,0]]],0,[0,0,1,0,-1,2,0,2,2,0,3,1,3],[0,0],[-1,4],[1,25]],[[[10,"P_BackgroundFloorTop_C01"],[16,"P_BackgroundFloorTop_C01",[-2],[7,"7cWSlq+SNUN44xNC695hlD",-1,0]],[11,"BackgroundFloorTop_C01.001",1,[[12,-3,[8,"7bjqEGn9ZW05wcL4FBIyNv"],[0],[13],1]],[7,"02ArxB0ahTVbLcnDbZS4MP",1,0],[3,-0.7071067811865475,0,0,0.7071067811865476],[1,100,100,100],[1,-90,0,0]]],0,[0,0,1,0,-1,2,0,2,2,0,3,1,3],[0,0],[-1,4],[1,26]],[[[14,".bin",7284,3656865620,[{"primitives":[{"primitiveMode":7,"vertexBundelIndices":[0],"indexView":{"offset":5904,"length":732,"count":183,"stride":4}},{"primitiveMode":7,"vertexBundelIndices":[1],"indexView":{"offset":7212,"length":72,"count":18,"stride":4}}],"vertexBundles":[{"view":{"offset":0,"length":5904,"count":123,"stride":48},"attributes":[{"name":"a_position","format":32,"isNormalized":false},{"name":"a_normal","format":32,"isNormalized":false},{"name":"a_texCoord","format":21,"isNormalized":false},{"name":"a_tangent","format":44,"isNormalized":false}]},{"view":{"offset":6636,"length":576,"count":12,"stride":48},"attributes":[{"name":"a_position","format":32,"isNormalized":false},{"name":"a_normal","format":32,"isNormalized":false},{"name":"a_texCoord","format":21,"isNormalized":false},{"name":"a_tangent","format":44,"isNormalized":false}]}]},"minPosition",8,[1,-0.00017806529649533331,-0.0002221912145614624,-0.0019080745987594128],"maxPosition",8,[1,0.040000006556510925,0.03999999910593033,0.020494624972343445]]]],0,0,[],[],[]],[[[14,".bin",18960,2688612882,[{"primitives":[{"primitiveMode":7,"vertexBundelIndices":[0],"indexView":{"offset":16896,"length":2064,"count":516,"stride":4}}],"vertexBundles":[{"view":{"offset":0,"length":16896,"count":352,"stride":48},"attributes":[{"name":"a_position","format":32,"isNormalized":false},{"name":"a_normal","format":32,"isNormalized":false},{"name":"a_texCoord","format":21,"isNormalized":false},{"name":"a_tangent","format":44,"isNormalized":false}]}]},"minPosition",8,[1,-0.004999999888241291,-0.004999999888241291,0],"maxPosition",8,[1,0.004999999888241291,0.004999999888241291,0.009999999776482582]]]],0,0,[],[],[]],[[[34,"Level_02"],[27,"BackgroundArt","3cWVxUig1AnaR/FsWkgsb4",[-1,-2,-3,-4,-5,-6,-7,-8,-9,-10,-11,-12,-13,-14,-15,-16,-17,-18,-19,-20,-21,-22,-23,-24,-25,-26,-27,-28,-29,-30,-31,-32,-33,-34,-35,-36,-37,-38,-39,-40,-41,-42,-43,-44,-45,-46,-47,-48,-49,-50,-51,-52,-53,-54,-55,-56,-57,-58,-59,-60,-61,-62,-63,-64,-65,-66,-67,-68,-69,-70,-71,-72]],[35,"Level_02",[[[20,"----Managers----","9f9spVRaVN6qPnFTCgRtnB",-89],-90,-91,-92,-93,-94,-95,-96,-97,-98,-99,-100,[20,"----Gameplay----","6bFwMocp1GQp0XY3RgY8lC",-101],-102,[20,"----Scenary----","9fWfc2ev9CDrF32FSCEEE8",-103],-104,1],4,1,1,1,1,1,1,1,1,1,1,1,4,1,4,1,1],[30,[[18,["sideTop"],-74,[1,["a9eD/PbGJPN45uY6f4Lep2"]],-73,[1,["71u1Qh16RMc4LmvkPjD9CM"]]],[18,["sideBottom"],-76,[1,["a9eD/PbGJPN45uY6f4Lep2"]],-75,[1,["231q1q/G5Fw4nTwbArKp5N"]]],[18,["sideRight"],-78,[1,["a9eD/PbGJPN45uY6f4Lep2"]],-77,[1,["a6UiWqbS9OdI4Lf1Sjfa80"]]],[18,["sideLeft"],-80,[1,["a9eD/PbGJPN45uY6f4Lep2"]],-79,[1,["86XpugL1NHSohX+E1A4T8N"]]],[18,["cornerTopRight"],-82,[1,["a9eD/PbGJPN45uY6f4Lep2"]],-81,[1,["6b7Z0ZTRhFXLDfsWivnX+r"]]],[18,["cornerTopLeft"],-84,[1,["a9eD/PbGJPN45uY6f4Lep2"]],-83,[1,["b38qJn8SFEwp45NsfKluHN"]]],[18,["cornerBottomRight"],-86,[1,["a9eD/PbGJPN45uY6f4Lep2"]],-85,[1,["d4khdW8sNM3IlPTt0aZYB3"]]],[18,["cornerBottomLeft"],-88,[1,["a9eD/PbGJPN45uY6f4Lep2"]],-87,[1,["3fhUCwG0pLNr/oxX05ExAD"]]]]],[36,[37],[38,[4,4283190348]],[39],[40]]],[17,"a6+SOWt3BAo4BOigjwgq1B",2,[2,"449LfFj5NPuJYMmnfynI2L",-105,[15,"69sw3SPBNMd5aBWMjKmz3S",null,[[9,"P_ShrinkingAreaManager",["_name"],[1,["7bhADGCfNJN4zbsjOukZ5F"]]],[6,["_lpos"],[1,["7bhADGCfNJN4zbsjOukZ5F"]],[1,-110,0,0]],[6,["_lrot"],[1,["7bhADGCfNJN4zbsjOukZ5F"]],[3,0,0,0,1]],[6,["_lpos"],[1,["47hevBaJNKS4y405IQ5ARP"]],[1,0,0.5,0]],[6,["_lpos"],[1,["4960efDDpEYILZZvTYLv4L"]],[1,0,0.5,0]],[9,0.55,["speedX"],[1,["a9eD/PbGJPN45uY6f4Lep2"]]]]],1]],[1,["3dd+sfuLtGsbovWCYZMwPa"]],[1,["41eu4WuFBMfahj2Yxzg+lz"]],[1,["96gXpUgBJNaYq+Tf3gunn7"]],[1,["e7jy/TL8JHB50nbM8EuNGd"]],[1,["f96WuWHFZIJ729S9HYGv2p"]],[1,["c5erGP2HNFl7DM+NEPZ70Q"]],[1,["32osRaHTtE04UPs63Kd2P2"]],[1,["3fLEBZqWxSR7lEi3A2/e5l"]],[1,["3fLEBZqWxSR7lEi3A2/e5l"]],[1,["3fLEBZqWxSR7lEi3A2/e5l"]],[1,["b19OpSvKVfypPrt1A0Kuyv"]],[1,["b19OpSvKVfypPrt1A0Kuyv"]],[1,["b19OpSvKVfypPrt1A0Kuyv"]],[1,["b19OpSvKVfypPrt1A0Kuyv"]],[1,["b19OpSvKVfypPrt1A0Kuyv"]],[1,["b19OpSvKVfypPrt1A0Kuyv"]],[1,["b19OpSvKVfypPrt1A0Kuyv"]],[1,["b19OpSvKVfypPrt1A0Kuyv"]],[1,["b19OpSvKVfypPrt1A0Kuyv"]],[1,["b19OpSvKVfypPrt1A0Kuyv"]],[1,["b19OpSvKVfypPrt1A0Kuyv"]],[1,["b19OpSvKVfypPrt1A0Kuyv"]],[1,["b19OpSvKVfypPrt1A0Kuyv"]],[1,["b19OpSvKVfypPrt1A0Kuyv"]],[1,["b19OpSvKVfypPrt1A0Kuyv"]],[1,["b19OpSvKVfypPrt1A0Kuyv"]],[1,["b19OpSvKVfypPrt1A0Kuyv"]],[1,["b19OpSvKVfypPrt1A0Kuyv"]],[1,["b19OpSvKVfypPrt1A0Kuyv"]],[1,["b19OpSvKVfypPrt1A0Kuyv"]],[1,["b19OpSvKVfypPrt1A0Kuyv"]],[1,["b19OpSvKVfypPrt1A0Kuyv"]],[1,["b19OpSvKVfypPrt1A0Kuyv"]],[1,["cb4wrluqJVz5m8+y/2idSJ"]],[1,["cb4wrluqJVz5m8+y/2idSJ"]],[1,["84C9bwyeJbnZ9KLFPuC5Ff"]],[1,["84C9bwyeJbnZ9KLFPuC5Ff"]],[1,["29tGq6s9pRpqKZ5TqYH6QW"]],[1,["84C9bwyeJbnZ9KLFPuC5Ff"]],[1,["cb4wrluqJVz5m8+y/2idSJ"]],[1,["29tGq6s9pRpqKZ5TqYH6QW"]],[1,["b19OpSvKVfypPrt1A0Kuyv"]],[1,["b19OpSvKVfypPrt1A0Kuyv"]],[1,["b19OpSvKVfypPrt1A0Kuyv"]],[1,["c8scAnR8dH64oVklRAHcSg"]],[1,["bd17iBsWZB+4qDM6bBVUCk"]],[1,["38MOELpdhKH6Zbq1RKN6nk"]],[1,["52aqJ12IVNgLI43LMptHWT"]],[1,["3fLEBZqWxSR7lEi3A2/e5l"]],[1,["b19OpSvKVfypPrt1A0Kuyv"]],[1,["b19OpSvKVfypPrt1A0Kuyv"]],[1,["b19OpSvKVfypPrt1A0Kuyv"]],[1,["b19OpSvKVfypPrt1A0Kuyv"]],[1,["b19OpSvKVfypPrt1A0Kuyv"]],[1,["b19OpSvKVfypPrt1A0Kuyv"]],[1,["b19OpSvKVfypPrt1A0Kuyv"]],[1,["b19OpSvKVfypPrt1A0Kuyv"]],[1,["b19OpSvKVfypPrt1A0Kuyv"]],[1,["b19OpSvKVfypPrt1A0Kuyv"]],[1,["b19OpSvKVfypPrt1A0Kuyv"]],[1,["b19OpSvKVfypPrt1A0Kuyv"]],[1,["b19OpSvKVfypPrt1A0Kuyv"]],[1,["29tGq6s9pRpqKZ5TqYH6QW"]],[1,["29tGq6s9pRpqKZ5TqYH6QW"]],[1,["29tGq6s9pRpqKZ5TqYH6QW"]],[1,["84C9bwyeJbnZ9KLFPuC5Ff"]],[1,["79M8zcmttZtYPwcHxnH7Yk"]],[1,["b19OpSvKVfypPrt1A0Kuyv"]],[1,["b19OpSvKVfypPrt1A0Kuyv"]],[1,["b19OpSvKVfypPrt1A0Kuyv"]],[17,"dauC+dslpDJ5Xt6tfzRGUX",2,[2,"c8scAnR8dH64oVklRAHcSg",-106,[5,"f5son9vlNI7qEcyoMx8gZs",[[3,"P_CharacterModelManager",["_name"],48],[0,["_lpos"],48,[1,0,0,0]],[0,["_lrot"],48,[3,0,0,0,1]]]],0]],[21,"GameSnacks-MatchEvents","f9UaJaRjxLNovkIQd8m19M",2,[[41,-107]]],[17,"31P5RnRUBCN5iPH6IRtDHB",2,[2,"32osRaHTtE04UPs63Kd2P2",-108,[5,"12VNjhFs9NuL/N84YCqSTE",[[9,"P_MaterialsLoader",["name"],[1,["32osRaHTtE04UPs63Kd2P2"]]],[6,["position"],[1,["32osRaHTtE04UPs63Kd2P2"]],[1,-38.416,0,0]],[0,["rotation"],10,[3,0,0,0,1]],[3,"P_MaterialsLoader",["_name"],10],[0,["_lpos"],10,[1,-38.416,0,0]],[0,["_lrot"],10,[3,0,0,0,1]]]],2]],[17,"e27okckI9DXLQsv0G/+ew4",2,[2,"3dd+sfuLtGsbovWCYZMwPa",-109,[5,"7fbK0arwxGpbM0Yp6otGNJ",[[3,"WeaponPickupManager",["name"],4],[0,["position"],4,[1,0,0,0]],[0,["rotation"],4,[3,0,0,0,1]],[3,"WeaponPickupManager",["_name"],4],[0,["_lpos"],4,[1,0,0,0]],[0,["_lrot"],4,[3,0,0,0,1]]]],3]],[17,"bd0Pyk53lIhYMhE0EMsGlP",2,[2,"41eu4WuFBMfahj2Yxzg+lz",-110,[5,"8dSWu5YBBLhZnwuox0ZpRe",[[3,"PanelsManager",["name"],5],[0,["position"],5,[1,0,0,0]],[0,["rotation"],5,[3,0,0,0,1]],[3,"PanelsManager",["_name"],5],[0,["_lpos"],5,[1,0,0,0]],[0,["_lrot"],5,[3,0,0,0,1]]]],4]],[17,"92gYIc5GJBzJzQNqrNbHQq",2,[2,"96gXpUgBJNaYq+Tf3gunn7",-111,[5,"28ETdxVOFJ24AOg9J81Fo/",[[3,"BulletPools",["name"],6],[0,["position"],6,[1,0,0,0]],[0,["rotation"],6,[3,0,0,0,1]],[3,"BulletPools",["_name"],6],[0,["_lpos"],6,[1,0,0,0]],[0,["_lrot"],6,[3,0,0,0,1]]]],5]],[17,"90KbfdSwBMyY+MQLPLOO8X",2,[2,"bd17iBsWZB+4qDM6bBVUCk",-112,[5,"98pG8AS11JF6e2utPpPND6",[[3,"P_EnemyManager",["_name"],49],[0,["_lpos"],49,[1,0,0,0]],[0,["_lrot"],49,[3,0,0,0,1]],[24,["mapJson"],[1,["51d/2aT1ZFNaew7JMgVzSq"]],7],[9,11,["quantity"],[1,["54UiJMaslB2IbU8x8LTT6i"]]]]],6]],[17,"99A8xL22lFu6oHlmN26qOG",2,[2,"e7jy/TL8JHB50nbM8EuNGd",-113,[5,"cfbPQAgadGr6e7RC6ldCJ/",[[3,"MapSpawner",["name"],7],[0,["position"],7,[1,0,0,0]],[0,["rotation"],7,[3,0,0,0,1]],[3,"MapSpawner",["_name"],7],[0,["_lpos"],7,[1,0,0,0]],[0,["_lrot"],7,[3,0,0,0,1]],[19,["prefabs","1"],8,9],[19,["prefabs","2"],8,10],[19,["prefabs","3"],8,11],[19,["prefabs","4"],8,12],[19,["prefabs","7"],8,13],[19,["mapJson"],8,14]]],8]],[17,"357BWfZOBMLY25M/m/brYJ",2,[2,"38MOELpdhKH6Zbq1RKN6nk",-114,[5,"89syBLNz1AArfXb8ASkYDK",[[3,"P_MatchController",["_name"],50],[0,["_lpos"],50,[1,0,0,0]],[0,["_lrot"],50,[3,0,0,0,1]]]],15]],[17,"01TSkn08VEVrrH9grxLOLm",2,[2,"52aqJ12IVNgLI43LMptHWT",-115,[5,"10+tmiRaBOC5a0CU7dCypr",[[3,"P_MatchUIContainer",["_name"],51],[0,["_lpos"],51,[1,0,0,0]],[0,["_lrot"],51,[3,0,0,0,1]],[6,["_lpos"],[1,["7daj9CpXNJtaooMgAXF5bc","30Z6MuT39F8LFwwog22ebO"]],[1,207,448,0]],[6,["_lpos"],[1,["30MOD3fX1Lmrc+Hq71ln2B"]],[1,207,448,1000]],[6,["_lpos"],[1,["d9L/FTQRtMGJZOpDrCxz/9","bdaQ7E5/hIXL/vLaerRKGr"]],[1,207,448,0]],[6,["_lpos"],[1,["ffIsb9q9pIE7QkWubOXskw","29PBV4RGFIn751JF0vli3v"]],[1,207,448,0]],[6,["_lpos"],[1,["7daj9CpXNJtaooMgAXF5bc","deB9cTVVlGKIaTSRc2ubyb","98Ce4jsB5Jvqf4XcLsLFMw"]],[1,-200,0,0]],[6,["_lpos"],[1,["7daj9CpXNJtaooMgAXF5bc","f7tWZht4FK676kB2P1sEvC","b6OvzxbShBvpNmSQv/mHdF"]],[1,0,-165.41250000000002,0]],[6,["_lpos"],[1,["d9L/FTQRtMGJZOpDrCxz/9","a1RVs79e1PsILJPg//vzG1","44qPog+rFOHb7K9SGz/ALF"]],[1,62,-39.802499999999995,0]],[6,["_lpos"],[1,["ffIsb9q9pIE7QkWubOXskw","a8+JfY08lMiZ1YUbWcw+qk"]],[1,0,67,0]],[6,["_lpos"],[1,["ffIsb9q9pIE7QkWubOXskw","d5S8Z+rNJKb7QCJYNZQ9Bw"]],[1,-32.230000000000004,17.6,0]]]],16]],[17,"56YDb0qTlEy5JKa2dW6zrD",2,[2,"c5erGP2HNFl7DM+NEPZ70Q",-116,[5,"c1N0hMW4RNZrXxbYu1JXh5",[[3,"Main Camera",["name"],9],[0,["position"],9,[1,0,30,20]],[0,["rotation"],9,[3,-0.47715876025960846,0,0,0.8788171126619654]],[3,"Main Camera",["_name"],9],[0,["_lpos"],9,[1,0,30,20]],[0,["_lrot"],9,[3,-0.47715876025960846,0,0,0.8788171126619654]]]],17]],[21,"----Cheats----","desrZb+OFPUpzpxdTWRzbU",2,[[42,-117]]],[4,1,[2,"3fLEBZqWxSR7lEi3A2/e5l",-118,[5,"963Ddg4eVP86gRulL78THO",[[3,"P_BackgroundWallCornerInsideC01",["_name"],52],[0,["_lpos"],52,[1,63.5,0,-0.5]],[0,["_lrot"],52,[3,0,0,0,1]]]],18]],[4,1,[2,"3fLEBZqWxSR7lEi3A2/e5l",-119,[5,"f5IoJsAk1Gip7MMiwxfdfS",[[3,"P_BackgroundWallCornerInsideC02",["_name"],11],[0,["_lpos"],11,[1,-0.5,0,-0.5]],[0,["_lrot"],11,[3,0,0.7071067811865475,0,0.7071067811865476]],[0,["_euler"],11,[1,0,89.99999999999999,0]]]],19]],[4,1,[2,"3fLEBZqWxSR7lEi3A2/e5l",-120,[5,"7bth4Yvc5KZ6BIXNqkRKrC",[[3,"P_BackgroundWallCornerInsideC03",["_name"],12],[0,["_lpos"],12,[1,-0.5,0,35.5]],[0,["_lrot"],12,[3,0,1,0,6.123233995736766e-17]],[0,["_euler"],12,[1,0,180,0]]]],20]],[4,1,[2,"3fLEBZqWxSR7lEi3A2/e5l",-121,[5,"b7saTMew9EnIuGOszrHvgz",[[3,"P_BackgroundWallCornerInsideC04",["_name"],13],[0,["_lpos"],13,[1,63.5,0,35.5]],[0,["_lrot"],13,[3,0,-0.7071067811865475,0,0.7071067811865476]],[0,["_euler"],13,[1,0,-89.99999999999999,0]]]],21]],[4,1,[2,"7cWSlq+SNUN44xNC695hlD",-122,[15,"06d2jptJhCQb/6yXc4eZ9B",null,[[9,"P_BackgroundFloorTop_C02",["_name"],[1,["7cWSlq+SNUN44xNC695hlD"]]],[6,["_lpos"],[1,["7cWSlq+SNUN44xNC695hlD"]],[1,67.5,0,-4.5]],[6,["_lrot"],[1,["7cWSlq+SNUN44xNC695hlD"]],[3,0,0.7071067811865475,0,0.7071067811865476]],[6,["_euler"],[1,["7cWSlq+SNUN44xNC695hlD"]],[1,0,89.99999999999999,0]],[6,["_lscale"],[1,["7cWSlq+SNUN44xNC695hlD"]],[1,5,1,23]],[6,["_lpos"],[1,["02ArxB0ahTVbLcnDbZS4MP"]],[1,0,0,0]]]],22]],[4,1,[2,"b19OpSvKVfypPrt1A0Kuyv",-123,[5,"e17qIT+WtPLZJl6vY7Sad1",[[3,"P_BackgroundWall_C01",["_name"],53],[0,["_lpos"],53,[1,47.5,0,-0.5]],[0,["_lrot"],53,[3,0,0,0,1]]]],23]],[4,1,[2,"b19OpSvKVfypPrt1A0Kuyv",-124,[5,"4eny5xZwpEOq85TNwN6v8E",[[3,"P_BackgroundWall_C02",["_name"],14],[0,["_lpos"],14,[1,63.5,0,-0.5]],[0,["_lrot"],14,[3,0,-0.7071067811865475,0,0.7071067811865476]],[0,["_euler"],14,[1,0,-89.99999999999999,0]]]],24]],[4,1,[2,"b19OpSvKVfypPrt1A0Kuyv",-125,[5,"78MRu7lx1IU7xp4HvtwCZm",[[3,"P_BackgroundWall_C03",["_name"],15],[0,["_lpos"],15,[1,-0.5,0,3.5]],[0,["_lrot"],15,[3,0,0.7071067811865475,0,0.7071067811865476]],[0,["_euler"],15,[1,0,89.99999999999999,0]]]],25]],[4,1,[2,"b19OpSvKVfypPrt1A0Kuyv",-126,[5,"42wJq8yFpNk52a/aab/9fX",[[3,"P_BackgroundWall_C04",["_name"],16],[0,["_lpos"],16,[1,3.5,0,35.5]],[0,["_lrot"],16,[3,0,1,0,6.123233995736766e-17]],[0,["_euler"],16,[1,0,180,0]]]],26]],[4,1,[2,"b19OpSvKVfypPrt1A0Kuyv",-127,[5,"b5RQLcZRJKqrBn2rio9f/1",[[3,"P_BackgroundWall_C05",["_name"],17],[0,["_lpos"],17,[1,7.5,0,35.5]],[0,["_lrot"],17,[3,0,1,0,6.123233995736766e-17]],[0,["_euler"],17,[1,0,180,0]]]],27]],[4,1,[2,"b19OpSvKVfypPrt1A0Kuyv",-128,[5,"0dWPrEw1JGR5Q0oKHx8rxT",[[3,"P_BackgroundWall_C06",["_name"],18],[0,["_lpos"],18,[1,11.5,0,35.5]],[0,["_lrot"],18,[3,0,1,0,6.123233995736766e-17]],[0,["_euler"],18,[1,0,180,0]]]],28]],[4,1,[2,"b19OpSvKVfypPrt1A0Kuyv",-129,[5,"9bT4CiZgJItanIzGlp60Mg",[[3,"P_BackgroundWall_C07",["_name"],19],[0,["_lpos"],19,[1,15.5,0,35.5]],[0,["_lrot"],19,[3,0,1,0,6.123233995736766e-17]],[0,["_euler"],19,[1,0,180,0]]]],29]],[4,1,[2,"b19OpSvKVfypPrt1A0Kuyv",-130,[5,"0448kvwpxKK6rYxXK/4boV",[[3,"P_BackgroundWall_C08",["_name"],20],[0,["_lpos"],20,[1,19.5,0,35.5]],[0,["_lrot"],20,[3,0,1,0,6.123233995736766e-17]],[0,["_euler"],20,[1,0,180,0]]]],30]],[4,1,[2,"b19OpSvKVfypPrt1A0Kuyv",-131,[5,"01vqLMdypOgbgTofk/DTQ5",[[3,"P_BackgroundWall_C09",["_name"],21],[0,["_lpos"],21,[1,23.5,0,35.5]],[0,["_lrot"],21,[3,0,1,0,6.123233995736766e-17]],[0,["_euler"],21,[1,0,180,0]]]],31]],[4,1,[2,"b19OpSvKVfypPrt1A0Kuyv",-132,[5,"5cyOhNA2BFqY/pRRGn7JQW",[[3,"P_BackgroundWall_C10",["_name"],22],[0,["_lpos"],22,[1,27.5,0,35.5]],[0,["_lrot"],22,[3,0,1,0,6.123233995736766e-17]],[0,["_euler"],22,[1,0,180,0]]]],32]],[4,1,[2,"b19OpSvKVfypPrt1A0Kuyv",-133,[5,"cenzYGGIxPsKgm8S16CcBY",[[3,"P_BackgroundWall_C11",["_name"],23],[0,["_lpos"],23,[1,31.5,0,35.5]],[0,["_lrot"],23,[3,0,1,0,6.123233995736766e-17]],[0,["_euler"],23,[1,0,180,0]]]],33]],[4,1,[2,"b19OpSvKVfypPrt1A0Kuyv",-134,[5,"4aHg/M4u1FmI4CmdEAqfS1",[[3,"P_BackgroundWall_C12",["_name"],24],[0,["_lpos"],24,[1,35.5,0,35.5]],[0,["_lrot"],24,[3,0,1,0,6.123233995736766e-17]],[0,["_euler"],24,[1,0,180,0]]]],34]],[4,1,[2,"b19OpSvKVfypPrt1A0Kuyv",-135,[5,"206dNQrHVOpZr/XyyrB3kw",[[3,"P_BackgroundWall_C13",["_name"],25],[0,["_lpos"],25,[1,39.5,0,35.5]],[0,["_lrot"],25,[3,0,1,0,6.123233995736766e-17]],[0,["_euler"],25,[1,0,180,0]]]],35]],[4,1,[2,"b19OpSvKVfypPrt1A0Kuyv",-136,[5,"c5pdenPKxJbKx38zveXL7w",[[3,"P_BackgroundWall_C14",["_name"],26],[0,["_lpos"],26,[1,43.5,0,35.5]],[0,["_lrot"],26,[3,0,1,0,6.123233995736766e-17]],[0,["_euler"],26,[1,0,180,0]]]],36]],[4,1,[2,"b19OpSvKVfypPrt1A0Kuyv",-137,[5,"68mBfER49LvIudXppGWbj+",[[3,"P_BackgroundWall_C15",["_name"],27],[0,["_lpos"],27,[1,47.5,0,35.5]],[0,["_lrot"],27,[3,0,1,0,6.123233995736766e-17]],[0,["_euler"],27,[1,0,180,0]]]],37]],[4,1,[2,"b19OpSvKVfypPrt1A0Kuyv",-138,[5,"14eOVlr6NMooguporlJ7IG",[[3,"P_BackgroundWall_C16",["_name"],28],[0,["_lpos"],28,[1,51.5,0,35.5]],[0,["_lrot"],28,[3,0,1,0,6.123233995736766e-17]],[0,["_euler"],28,[1,0,180,0]]]],38]],[4,1,[2,"b19OpSvKVfypPrt1A0Kuyv",-139,[15,"612fBqDv1H0buntAn98Sd4",null,[[9,"P_BackgroundWall_C17",["_name"],[1,["b19OpSvKVfypPrt1A0Kuyv"]]],[6,["_lpos"],[1,["b19OpSvKVfypPrt1A0Kuyv"]],[1,63.5,0,3.5]],[6,["_lrot"],[1,["b19OpSvKVfypPrt1A0Kuyv"]],[3,0,-0.7071067811865475,0,0.7071067811865477]],[6,["_euler"],[1,["b19OpSvKVfypPrt1A0Kuyv"]],[1,0,-89.99999999999999,0]]]],39]],[4,1,[2,"b19OpSvKVfypPrt1A0Kuyv",-140,[15,"638pC+avFM3IZ6axY2JTlc",null,[[9,"P_BackgroundWall_C18",["_name"],[1,["b19OpSvKVfypPrt1A0Kuyv"]]],[6,["_lpos"],[1,["b19OpSvKVfypPrt1A0Kuyv"]],[1,63.5,0,7.5]],[6,["_lrot"],[1,["b19OpSvKVfypPrt1A0Kuyv"]],[3,0,-0.7071067811865475,0,0.7071067811865476]],[6,["_euler"],[1,["b19OpSvKVfypPrt1A0Kuyv"]],[1,0,-89.99999999999999,0]]]],40]],[4,1,[2,"b19OpSvKVfypPrt1A0Kuyv",-141,[15,"51CWHd5AJL761z541zL/3u",null,[[9,"P_BackgroundWall_C19",["_name"],[1,["b19OpSvKVfypPrt1A0Kuyv"]]],[6,["_lpos"],[1,["b19OpSvKVfypPrt1A0Kuyv"]],[1,63.5,0,11.5]],[6,["_lrot"],[1,["b19OpSvKVfypPrt1A0Kuyv"]],[3,0,-0.7071067811865475,0,0.7071067811865476]],[6,["_euler"],[1,["b19OpSvKVfypPrt1A0Kuyv"]],[1,0,-89.99999999999999,0]]]],41]],[4,1,[2,"b19OpSvKVfypPrt1A0Kuyv",-142,[15,"19h+uAkZdLdZjskWvMYVoY",null,[[9,"P_BackgroundWall_C20",["_name"],[1,["b19OpSvKVfypPrt1A0Kuyv"]]],[6,["_lpos"],[1,["b19OpSvKVfypPrt1A0Kuyv"]],[1,63.5,0,15.5]],[6,["_lrot"],[1,["b19OpSvKVfypPrt1A0Kuyv"]],[3,0,-0.7071067811865475,0,0.7071067811865476]],[6,["_euler"],[1,["b19OpSvKVfypPrt1A0Kuyv"]],[1,0,-89.99999999999999,0]]]],42]],[4,1,[2,"b19OpSvKVfypPrt1A0Kuyv",-143,[15,"e4RimbJGtJnrh3ijWvx/y0",null,[[9,"P_BackgroundWall_C21",["_name"],[1,["b19OpSvKVfypPrt1A0Kuyv"]]],[6,["_lpos"],[1,["b19OpSvKVfypPrt1A0Kuyv"]],[1,63.5,0,19.5]],[6,["_lrot"],[1,["b19OpSvKVfypPrt1A0Kuyv"]],[3,0,-0.7071067811865475,0,0.7071067811865476]],[6,["_euler"],[1,["b19OpSvKVfypPrt1A0Kuyv"]],[1,0,-89.99999999999999,0]]]],43]],[4,1,[2,"b19OpSvKVfypPrt1A0Kuyv",-144,[15,"02p6aAgoxAopyABSR6MOhS",null,[[9,"P_BackgroundWall_C22",["_name"],[1,["b19OpSvKVfypPrt1A0Kuyv"]]],[6,["_lpos"],[1,["b19OpSvKVfypPrt1A0Kuyv"]],[1,63.5,0,23.5]],[6,["_lrot"],[1,["b19OpSvKVfypPrt1A0Kuyv"]],[3,0,-0.7071067811865475,0,0.7071067811865476]],[6,["_euler"],[1,["b19OpSvKVfypPrt1A0Kuyv"]],[1,0,-89.99999999999999,0]]]],44]],[4,1,[2,"b19OpSvKVfypPrt1A0Kuyv",-145,[15,"edHqGxNhNC6pR0hbmLfxOy",null,[[9,"P_BackgroundWall_C23",["_name"],[1,["b19OpSvKVfypPrt1A0Kuyv"]]],[6,["_lpos"],[1,["b19OpSvKVfypPrt1A0Kuyv"]],[1,63.5,0,27.5]],[6,["_lrot"],[1,["b19OpSvKVfypPrt1A0Kuyv"]],[3,0,-0.7071067811865475,0,0.7071067811865476]],[6,["_euler"],[1,["b19OpSvKVfypPrt1A0Kuyv"]],[1,0,-89.99999999999999,0]]]],45]],[4,1,[2,"b19OpSvKVfypPrt1A0Kuyv",-146,[15,"a0brVDHMFCVYXPYTQSpjAl",null,[[9,"P_BackgroundWall_C24",["_name"],[1,["b19OpSvKVfypPrt1A0Kuyv"]]],[6,["_lpos"],[1,["b19OpSvKVfypPrt1A0Kuyv"]],[1,63.5,0,31.5]],[6,["_lrot"],[1,["b19OpSvKVfypPrt1A0Kuyv"]],[3,0,-0.7071067811865475,0,0.7071067811865476]],[6,["_euler"],[1,["b19OpSvKVfypPrt1A0Kuyv"]],[1,0,-89.99999999999999,0]]]],46]],[4,1,[2,"b19OpSvKVfypPrt1A0Kuyv",-147,[5,"05uWt2uCZGoYFhe6BG5Fxi",[[3,"P_BackgroundWall_C29",["_name"],54],[0,["_lpos"],54,[1,43.5,0,-0.5]],[0,["_lrot"],54,[3,0,0,0,1]]]],47]],[4,1,[2,"b19OpSvKVfypPrt1A0Kuyv",-148,[5,"70XxP9kVFMOpoKLVxAisgT",[[3,"P_BackgroundWall_C30",["_name"],55],[0,["_lpos"],55,[1,39.5,0,-0.5]],[0,["_lrot"],55,[3,0,0,0,1]]]],48]],[4,1,[2,"b19OpSvKVfypPrt1A0Kuyv",-149,[5,"d4u9cneCJLM7J0p3nZ4XUG",[[3,"P_BackgroundWall_C31",["_name"],56],[0,["_lpos"],56,[1,35.5,0,-0.5]],[0,["_lrot"],56,[3,0,0,0,1]]]],49]],[4,1,[2,"b19OpSvKVfypPrt1A0Kuyv",-150,[5,"c9QqeqsrFC9JmmIByRxPG/",[[3,"P_BackgroundWall_C32",["_name"],57],[0,["_lpos"],57,[1,31.5,0,-0.5]],[0,["_lrot"],57,[3,0,0,0,1]]]],50]],[4,1,[2,"b19OpSvKVfypPrt1A0Kuyv",-151,[5,"c7EAYyrp1Kzp7X1LX4y7SZ",[[3,"P_BackgroundWall_C33",["_name"],58],[0,["_lpos"],58,[1,27.5,0,-0.5]],[0,["_lrot"],58,[3,0,0,0,1]]]],51]],[4,1,[2,"b19OpSvKVfypPrt1A0Kuyv",-152,[5,"c7lF5dwBZEHJjWgHvWQaJn",[[3,"P_BackgroundWall_C34",["_name"],59],[0,["_lpos"],59,[1,23.5,0,-0.5]],[0,["_lrot"],59,[3,0,0,0,1]]]],52]],[4,1,[2,"b19OpSvKVfypPrt1A0Kuyv",-153,[5,"b4RgtlKGNEGaR+npKxhbwq",[[3,"P_BackgroundWall_C35",["_name"],60],[0,["_lpos"],60,[1,19.5,0,-0.5]],[0,["_lrot"],60,[3,0,0,0,1]]]],53]],[4,1,[2,"b19OpSvKVfypPrt1A0Kuyv",-154,[5,"37tPoPr5lJpJSd3KfpozvG",[[3,"P_BackgroundWall_C36",["_name"],61],[0,["_lpos"],61,[1,15.5,0,-0.5]],[0,["_lrot"],61,[3,0,0,0,1]]]],54]],[4,1,[2,"b19OpSvKVfypPrt1A0Kuyv",-155,[5,"88dx/OSExDA7FJHKhu98Rf",[[3,"P_BackgroundWall_C37",["_name"],62],[0,["_lpos"],62,[1,11.5,0,-0.5]],[0,["_lrot"],62,[3,0,0,0,1]]]],55]],[4,1,[2,"b19OpSvKVfypPrt1A0Kuyv",-156,[5,"74XBRCXbNLEa+4YSzzRZbV",[[3,"P_BackgroundWall_C38",["_name"],63],[0,["_lpos"],63,[1,7.5,0,-0.5]],[0,["_lrot"],63,[3,0,0,0,1]]]],56]],[4,1,[2,"b19OpSvKVfypPrt1A0Kuyv",-157,[5,"bdAD456WxBop+V9dMxqaTs",[[3,"P_BackgroundWall_C39",["_name"],64],[0,["_lpos"],64,[1,3.5,0,-0.5]],[0,["_lrot"],64,[3,0,0,0,1]]]],57]],[4,1,[2,"b19OpSvKVfypPrt1A0Kuyv",-158,[5,"f5GwUCtDtPVY80G7fRGtzJ",[[3,"P_BackgroundWall_C40",["_name"],65],[0,["_lpos"],65,[1,-0.5,0,-0.5]],[0,["_lrot"],65,[3,0,0,0,1]]]],58]],[4,1,[2,"b19OpSvKVfypPrt1A0Kuyv",-159,[5,"340svaKPRGdpQLe1PzhpJm",[[3,"P_BackgroundWall_C41",["_name"],29],[0,["_lpos"],29,[1,-0.5,0,7.5]],[0,["_lrot"],29,[3,0,0.7071067811865475,0,0.7071067811865476]],[0,["_euler"],29,[1,0,89.99999999999999,0]]]],59]],[4,1,[2,"b19OpSvKVfypPrt1A0Kuyv",-160,[5,"0cnE+E+7ZJnIT+3AgFRlGB",[[3,"P_BackgroundWall_C42",["_name"],30],[0,["_lpos"],30,[1,-0.5,0,11.5]],[0,["_lrot"],30,[3,0,0.7071067811865475,0,0.7071067811865476]],[0,["_euler"],30,[1,0,89.99999999999999,0]]]],60]],[4,1,[2,"b19OpSvKVfypPrt1A0Kuyv",-161,[5,"0b1ZuC3zlFVJcBeXOUi0+u",[[3,"P_BackgroundWall_C43",["_name"],31],[0,["_lpos"],31,[1,-0.5,0,15.5]],[0,["_lrot"],31,[3,0,0.7071067811865475,0,0.7071067811865476]],[0,["_euler"],31,[1,0,89.99999999999999,0]]]],61]],[4,1,[2,"b19OpSvKVfypPrt1A0Kuyv",-162,[5,"e4Gm6IpYRC0abBidqFzUf9",[[3,"P_BackgroundWall_C44",["_name"],32],[0,["_lpos"],32,[1,-0.5,0,19.5]],[0,["_lrot"],32,[3,0,0.7071067811865475,0,0.7071067811865476]],[0,["_euler"],32,[1,0,89.99999999999999,0]]]],62]],[4,1,[2,"b19OpSvKVfypPrt1A0Kuyv",-163,[5,"cfNR/hGapFPKhZZX+5QMf3",[[3,"P_BackgroundWall_C45",["_name"],33],[0,["_lpos"],33,[1,-0.5,0,23.5]],[0,["_lrot"],33,[3,0,0.7071067811865475,0,0.7071067811865476]],[0,["_euler"],33,[1,0,89.99999999999999,0]]]],63]],[4,1,[2,"b19OpSvKVfypPrt1A0Kuyv",-164,[5,"1aVSPaPVBANYvmaiysoK7O",[[3,"P_BackgroundWall_C46",["_name"],34],[0,["_lpos"],34,[1,-0.5,0,27.5]],[0,["_lrot"],34,[3,0,0.7071067811865475,0,0.7071067811865476]],[0,["_euler"],34,[1,0,89.99999999999999,0]]]],64]],[4,1,[2,"b19OpSvKVfypPrt1A0Kuyv",-165,[5,"5fX4rxQ1lHJYNAPY/DYm5D",[[3,"P_BackgroundWall_C47",["_name"],35],[0,["_lpos"],35,[1,-0.5,0,31.5]],[0,["_lrot"],35,[3,0,0.7071067811865475,0,0.7071067811865476]],[0,["_euler"],35,[1,0,89.99999999999999,0]]]],65]],[4,1,[2,"b19OpSvKVfypPrt1A0Kuyv",-166,[5,"c4Vu+rlZBL15BqkfCgz1Jk",[[3,"P_BackgroundWall_C48",["_name"],36],[0,["_lpos"],36,[1,-0.5,0,35.5]],[0,["_lrot"],36,[3,0,0.7071067811865475,0,0.7071067811865476]],[0,["_euler"],36,[1,0,89.99999999999999,0]]]],66]],[4,1,[2,"7cWSlq+SNUN44xNC695hlD",-167,[15,"bd5J8pExpO4L8rtBZOXo5V",null,[[9,"P_BackgroundFloorTop_C03",["_name"],[1,["7cWSlq+SNUN44xNC695hlD"]]],[6,["_lpos"],[1,["7cWSlq+SNUN44xNC695hlD"]],[1,67.5,0,39.5]],[6,["_lrot"],[1,["7cWSlq+SNUN44xNC695hlD"]],[3,0,0,0,1]],[6,["_euler"],[1,["7cWSlq+SNUN44xNC695hlD"]],[1,0,0,0]],[6,["_lscale"],[1,["7cWSlq+SNUN44xNC695hlD"]],[1,5,1,16]],[6,["_lpos"],[1,["02ArxB0ahTVbLcnDbZS4MP"]],[1,0,0,0]]]],67]],[4,1,[2,"7cWSlq+SNUN44xNC695hlD",-168,[5,"4dGIho1bRGZ6Ru6/cXV47W",[[9,"P_BackgroundFloorTop_C04",["_name"],[1,["7cWSlq+SNUN44xNC695hlD"]]],[6,["_lpos"],[1,["7cWSlq+SNUN44xNC695hlD"]],[1,-4.5,0,-4.5]],[6,["_lrot"],[1,["7cWSlq+SNUN44xNC695hlD"]],[3,0,1,0,6.123233995736766e-17]],[6,["_euler"],[1,["7cWSlq+SNUN44xNC695hlD"]],[1,0,180,0]],[6,["_lscale"],[1,["7cWSlq+SNUN44xNC695hlD"]],[1,5,1,16]]]],68]],[4,1,[2,"7cWSlq+SNUN44xNC695hlD",-169,[5,"93MZb2dA1O55qzcXcmtFVy",[[9,"P_BackgroundFloorTop_C05",["_name"],[1,["7cWSlq+SNUN44xNC695hlD"]]],[6,["_lpos"],[1,["7cWSlq+SNUN44xNC695hlD"]],[1,-4.5,0,39.5]],[6,["_lrot"],[1,["7cWSlq+SNUN44xNC695hlD"]],[3,0,-0.7071067811865475,0,0.7071067811865476]],[6,["_euler"],[1,["7cWSlq+SNUN44xNC695hlD"]],[1,0,-89.99999999999999,0]],[6,["_lscale"],[1,["7cWSlq+SNUN44xNC695hlD"]],[1,5,1,23]]]],69]],[4,1,[2,"cb4wrluqJVz5m8+y/2idSJ",-170,[5,"b0C/GWrVNBpZ8veeOPZ4Sb",[[3,"P_TileBlock_01",["_name"],37],[0,["_lpos"],37,[1,4.599,0,36.985]],[0,["_lrot"],37,[3,0,0.2515288481981844,0,0.9678498016345795]],[0,["_euler"],37,[1,0,29.136000000000003,0]]]],70]],[4,1,[2,"cb4wrluqJVz5m8+y/2idSJ",-171,[5,"c0ILX8S9NA37nB4bQ8FKoe",[[3,"P_TileBlock_02",["_name"],38],[0,["_lpos"],38,[1,-1.951,0,30.307]],[0,["_lrot"],38,[3,0,0.971011336965243,0,0.23903343591424878]],[0,["_euler"],38,[1,0,152.341,0]]]],71]],[4,1,[2,"84C9bwyeJbnZ9KLFPuC5Ff",-172,[5,"27leuV/WJGQofdsKD1JrPU",[[3,"P_TileBlock_02",["_name"],39],[0,["_lpos"],39,[1,3.365,0,36.95]],[0,["_lrot"],39,[3,0,0.30329306426271313,0,0.9528973277169654]],[0,["_euler"],39,[1,0,35.31100000000001,0]]]],72]],[4,1,[2,"29tGq6s9pRpqKZ5TqYH6QW",-173,[5,"4fmCO89ZNFgaUD5//IjeJ5",[[3,"P_TileBlock_03",["_name"],66],[0,["_lpos"],66,[1,-2.575,0,6.424]],[0,["_lrot"],66,[3,0,0,0,1]]]],73]],[4,1,[2,"84C9bwyeJbnZ9KLFPuC5Ff",-174,[5,"34tUIZjb1JepYLjB7oN29U",[[3,"P_TileBlock_04",["_name"],40],[0,["_lpos"],40,[1,21.527,0,36.999]],[0,["_lrot"],40,[3,0,0.9578250025024496,0,0.28735216126067786]],[0,["_euler"],40,[1,0,146.60100000000003,0]]]],74]],[4,1,[2,"29tGq6s9pRpqKZ5TqYH6QW",-175,[5,"40K4fwKGNOPIaVp16XUPJ0",[[3,"P_TileBlock_03",["_name"],67],[0,["_lpos"],67,[1,39.738,0,36.905]],[0,["_lrot"],67,[3,0,0,0,1]]]],75]],[4,1,[2,"29tGq6s9pRpqKZ5TqYH6QW",-176,[15,"75jLhvsfNDi4cSPGjGWf1c",null,[[9,"P_TileBlock_03",["_name"],[1,["29tGq6s9pRpqKZ5TqYH6QW"]]],[6,["_lpos"],[1,["29tGq6s9pRpqKZ5TqYH6QW"]],[1,64.831,0,32.149]],[6,["_lrot"],[1,["29tGq6s9pRpqKZ5TqYH6QW"]],[3,0,-0.45936283423069363,0,0.8882487188437392]],[6,["_euler"],[1,["29tGq6s9pRpqKZ5TqYH6QW"]],[1,0,-54.69200000000001,0]]]],76]],[4,1,[2,"29tGq6s9pRpqKZ5TqYH6QW",-177,[5,"087O3TLbJFEJdhLxe/opWy",[[3,"P_TileBlock_03",["_name"],41],[0,["_lpos"],41,[1,52.613,0,-2.396]],[0,["_lrot"],41,[3,0,0.4248236255966025,0,0.9052761386090753]],[0,["_euler"],41,[1,0,50.279,0]]]],77]],[4,1,[2,"29tGq6s9pRpqKZ5TqYH6QW",-178,[5,"af1S+Sze9NTJSpodUmk3qk",[[3,"P_TileBlock_03",["_name"],68],[0,["_lpos"],68,[1,37.047,0,-2.269]],[0,["_lrot"],68,[3,0,0,0,1]]]],78]],[4,1,[2,"84C9bwyeJbnZ9KLFPuC5Ff",-179,[5,"ceEyKChy5P84pDmmT7eXLB",[[3,"P_TileBlock_02",["_name"],42],[0,["_lpos"],42,[1,37.829,0,-1.752]],[0,["_lrot"],42,[3,0,0.39851697325143876,0,0.9171609575371773]],[0,["_euler"],42,[1,0,46.971000000000004,0]]]],79]],[4,1,[2,"cb4wrluqJVz5m8+y/2idSJ",-180,[5,"466G6JM4JEaqmCoTfYN2p1",[[3,"P_TileBlock_01",["_name"],43],[0,["_lpos"],43,[1,16.759,0,-2.143]],[0,["_lrot"],43,[3,0,0.3366844323265897,0,0.9416175407398283]],[0,["_euler"],43,[1,0,39.35,0]]]],80]],[4,1,[2,"84C9bwyeJbnZ9KLFPuC5Ff",-181,[5,"64ylyt5f1PiKHG4NOUREnb",[[3,"P_TileBlock_02",["_name"],69],[0,["_lpos"],69,[1,18.273,0,-1.916]],[0,["_lrot"],69,[3,0,0,0,1]]]],81]],[4,1,[2,"29tGq6s9pRpqKZ5TqYH6QW",-182,[5,"a3mxFK8bBKMYilyYB1+xwB",[[3,"P_TileBlock_03",["_name"],44],[0,["_lpos"],44,[1,-1.967,0,5.531]],[0,["_lrot"],44,[3,0,0.9665978654334024,0,0.2562978083004029]],[0,["_euler"],44,[1,0,150.299,0]]]],82]],[4,1,[2,"79M8zcmttZtYPwcHxnH7Yk",-183,[5,"4epDN0lM9IbbPHG0/GtLQ/",[[3,"S_Floor_64x36",["_name"],70],[0,["_lpos"],70,[1,-0.5,0,-0.5]],[0,["_lrot"],70,[3,0,0,0,1]],[24,["_materials","0"],[1,["ceQNssu7dbebzgsUFZ0aCQ"]],84]]],83]],[4,1,[2,"b19OpSvKVfypPrt1A0Kuyv",-184,[5,"d7gUtDpOdFeaU6O8vLyOCv",[[3,"P_BackgroundWall_C53",["_name"],45],[0,["_lpos"],45,[1,55.5,0,35.5]],[0,["_lrot"],45,[3,0,1,0,6.123233995736766e-17]],[0,["_euler"],45,[1,0,180,0]]]],85]],[4,1,[2,"b19OpSvKVfypPrt1A0Kuyv",-185,[5,"ebqEd+IBpCEqsrerA+hvWx",[[3,"P_BackgroundWall_C54",["_name"],46],[0,["_lpos"],46,[1,59.5,0,35.5]],[0,["_lrot"],46,[3,0,1,0,6.123233995736766e-17]],[0,["_euler"],46,[1,0,180,0]]]],86]],[4,1,[2,"b19OpSvKVfypPrt1A0Kuyv",-186,[5,"07RM2BbqFGP52MtibuROne",[[3,"P_BackgroundWall_C55",["_name"],47],[0,["_lpos"],47,[1,63.5,0,35.5]],[0,["_lrot"],47,[3,0,1,0,6.123233995736766e-17]],[0,["_euler"],47,[1,0,180,0]]]],87]],[4,1,[2,"b19OpSvKVfypPrt1A0Kuyv",-187,[5,"d0YI0nXZVO8LKnOPm57M0n",[[3,"P_BackgroundWall_C66",["_name"],71],[0,["_lpos"],71,[1,51.5,0,-0.5]],[0,["_lrot"],71,[3,0,0,0,1]]]],88]],[4,1,[2,"b19OpSvKVfypPrt1A0Kuyv",-188,[5,"a0dmvLnRlBKLgWg0+838Pf",[[3,"P_BackgroundWall_C67",["_name"],72],[0,["_lpos"],72,[1,55.5,0,-0.5]],[0,["_lrot"],72,[3,0,0,0,1]]]],89]],[4,1,[2,"b19OpSvKVfypPrt1A0Kuyv",-189,[5,"1fax2niGxI2KCDxe2T+x+Y",[[3,"P_BackgroundWall_C68",["_name"],73],[0,["_lpos"],73,[1,59.5,0,-0.5]],[0,["_lrot"],73,[3,0,0,0,1]]]],90]]],0,[0,-1,86,0,-2,87,0,-3,88,0,-4,89,0,-5,90,0,-6,91,0,-7,92,0,-8,93,0,-9,94,0,-10,95,0,-11,96,0,-12,97,0,-13,98,0,-14,99,0,-15,100,0,-16,101,0,-17,102,0,-18,103,0,-19,104,0,-20,105,0,-21,106,0,-22,107,0,-23,108,0,-24,109,0,-25,110,0,-26,111,0,-27,112,0,-28,113,0,-29,114,0,-30,115,0,-31,116,0,-32,117,0,-33,118,0,-34,119,0,-35,120,0,-36,121,0,-37,122,0,-38,123,0,-39,124,0,-40,125,0,-41,126,0,-42,127,0,-43,128,0,-44,129,0,-45,130,0,-46,131,0,-47,132,0,-48,133,0,-49,134,0,-50,135,0,-51,136,0,-52,137,0,-53,138,0,-54,139,0,-55,140,0,-56,141,0,-57,142,0,-58,143,0,-59,144,0,-60,145,0,-61,146,0,-62,147,0,-63,148,0,-64,149,0,-65,150,0,-66,151,0,-67,152,0,-68,153,0,-69,154,0,-70,155,0,-71,156,0,-72,157,0,5,3,0,6,3,0,5,3,0,6,3,0,5,3,0,6,3,0,5,3,0,6,3,0,5,3,0,6,3,0,5,3,0,6,3,0,5,3,0,6,3,0,5,3,0,6,3,0,9,2,0,-2,74,0,-3,3,0,-4,75,0,-5,76,0,-6,77,0,-7,78,0,-8,79,0,-9,80,0,-10,81,0,-11,82,0,-12,83,0,9,2,0,-14,84,0,9,2,0,-16,85,0,0,3,0,0,74,0,2,75,0,0,76,0,0,77,0,0,78,0,0,79,0,0,80,0,0,81,0,0,82,0,0,83,0,0,84,0,2,85,0,0,86,0,0,87,0,0,88,0,0,89,0,0,90,0,0,91,0,0,92,0,0,93,0,0,94,0,0,95,0,0,96,0,0,97,0,0,98,0,0,99,0,0,100,0,0,101,0,0,102,0,0,103,0,0,104,0,0,105,0,0,106,0,0,107,0,0,108,0,0,109,0,0,110,0,0,111,0,0,112,0,0,113,0,0,114,0,0,115,0,0,116,0,0,117,0,0,118,0,0,119,0,0,120,0,0,121,0,0,122,0,0,123,0,0,124,0,0,125,0,0,126,0,0,127,0,0,128,0,0,129,0,0,130,0,0,131,0,0,132,0,0,133,0,0,134,0,0,135,0,0,136,0,0,137,0,0,138,0,0,139,0,0,140,0,0,141,0,0,142,0,0,143,0,0,144,0,0,145,0,0,146,0,0,147,0,0,148,0,0,149,0,0,150,0,0,151,0,0,152,0,0,153,0,0,154,0,0,155,0,0,156,0,0,157,0,11,2,1,9,2,189],[0,0,0,0,0,0,0,0,0,0,0,0,0,0,0,0,0,0,0,0,0,0,0,0,0,0,0,0,0,0,0,0,0,0,0,0,0,0,0,0,0,0,0,0,0,0,0,0,0,0,0,0,0,0,0,0,0,0,0,0,0,0,0,0,0,0,0,0,0,0,0,0,0,0,0,0,0,0,0,0,0,0,0,0,0,0,0,0,0,0,0],[1,1,1,1,1,1,1,7,1,7,7,7,7,7,7,1,1,1,1,1,1,1,1,1,1,1,1,1,1,1,1,1,1,1,1,1,1,1,1,1,1,1,1,1,1,1,1,1,1,1,1,1,1,1,1,1,1,1,1,1,1,1,1,1,1,1,1,1,1,1,1,1,1,1,1,1,1,1,1,1,1,1,1,1,7,1,1,1,1,1,1],[27,28,29,30,31,32,33,9,34,35,36,37,38,39,9,40,41,42,3,3,3,3,4,0,0,0,0,0,0,0,0,0,0,0,0,0,0,0,0,0,0,0,0,0,0,0,0,0,0,0,0,0,0,0,0,0,0,0,0,0,0,0,0,0,0,0,0,4,4,4,7,7,5,2,5,2,2,2,2,5,7,5,2,43,44,0,0,0,0,0,0]],[[[10,"P_TreasureChest_03"],[28,"P_TreasureChest_03",[-8,-9,-10],[[43,true,-2,[8,"bcGyRky0tAJ72wRvIZMvOb"],[1,0,0.5,0]],[44,0,2,-4,[8,"62p6hJj15AZamkyyQrs4N7"],-3,2],[45,-5,[8,"d5b2ni/J9JOKvEOh9UA/pr"],[3,4,5,6]],[46,-6,[8,"48WK79dMpDJJHz2jqqFdse"],7],[47,8,2,-7,[8,"a6hPhZnWdP34iKnqSrRFSH"]]],[7,"e2XpETB5RHm4NXJybXTWW4",-1,0]],[1,["f2A6WkrZ1NvKsFeSCT6rFu"]],[1,["320lefNodetriWooKgw9nN"]],[29,"UITrack",1,[7,"03VuBUiTJIGIuqYZzlqOHU",1,0],[1,0,0,0.75]],[4,1,[2,"f2A6WkrZ1NvKsFeSCT6rFu",-11,[23,"bbiB9bh+hIsrCX2swt4uIg",1,[[3,"P_ChestGlow",["_name"],2],[0,["_lpos"],2,[1,0,0.05,0]],[0,["_lrot"],2,[3,0,0,0,1]]]],0]],[4,1,[2,"320lefNodetriWooKgw9nN",-12,[23,"91r1YsS1pHMJW59PtS8ffi",1,[[3,"P_Chest_C01",["_name"],3],[0,["_lpos"],3,[1,0,0,0]],[0,["_lrot"],3,[3,0,0,0,1]]]],1]]],0,[0,0,1,0,2,1,0,12,4,0,2,1,0,2,1,0,2,1,0,2,1,0,-1,4,0,-2,5,0,-3,6,0,0,5,0,0,6,0,3,1,12],[0,0,0,0,0,0,0,0],[1,1,13,-1,-2,-3,-4,14],[45,46,47,48,49,50,51,52]]]]
