[1,["183d29598@6c48a"],["_textureSource"],["cc.SpriteFrame","cc.SpriteAtlas"],0,[[[{"name":"T_AmmoBG_A","rect":{"x":3,"y":309,"width":128,"height":16},"offset":{"x":0,"y":0},"originalSize":{"width":128,"height":16},"rotated":true,"capInsets":[7,3,7,3],"texture":"183d29598@6c48a","packable":true}],[0],0,[0],[0],[0]],[[{"name":"T_HealthFill_A","rect":{"x":3,"y":3,"width":128,"height":32},"offset":{"x":0,"y":0},"originalSize":{"width":128,"height":32},"rotated":true,"capInsets":[10,10,10,10],"texture":"183d29598@6c48a","packable":true}],[0],0,[0],[0],[0]],[[{"name":"T_HealthBG_A","rect":{"x":3,"y":137,"width":128,"height":32},"offset":{"x":0,"y":0},"originalSize":{"width":128,"height":32},"rotated":true,"capInsets":[10,10,10,10],"texture":"183d29598@6c48a","packable":true}],[0],0,[0],[0],[0]],[[{"name":"AtlasCharacterUI","spriteFrames":["T_HealthFill_A","84NLgiGBtF65og33xN+z78@f9941","T_HealthBG_A","87hp6OWXZI+bHs8kU5TG8u@f9941","T_LlevelBG_A","e4l+Kwqz1OG7xSjB5mnD5z@f9941","T_AmmoBG_A","72/r5+RJJCT5Mj+dEf03GQ@f9941","T_AmmoFill_A","a5+KFmXexMGbwVAmVP4tI5@f9941"]}],[1],0,[],[],[]],[[{"name":"T_AmmoFill_A","rect":{"x":25,"y":309,"width":122,"height":10},"offset":{"x":0,"y":0},"originalSize":{"width":128,"height":16},"rotated":true,"capInsets":[7,3,7,3],"texture":"183d29598@6c48a","packable":true}],[0],0,[0],[0],[0]],[[{"name":"T_LlevelBG_A","rect":{"x":3,"y":271,"width":32,"height":32},"offset":{"x":0,"y":0},"originalSize":{"width":32,"height":32},"rotated":false,"capInsets":[8,8,8,9],"texture":"183d29598@6c48a","packable":true}],[0],0,[0],[0],[0]]]]
