{"type":"cc.ImageAsset","data":[[1,0,0,["cc.ImageAsset"],0,[{"fmt":"0","w":0,"h":0}],[0],0,[],[],[]],[1,0,0,["cc.ImageAsset"],0,[{"fmt":"0","w":0,"h":0}],[0],0,[],[],[]],[1,0,0,["cc.ImageAsset"],0,[{"fmt":"0","w":0,"h":0}],[0],0,[],[],[]],[1,0,0,["cc.ImageAsset"],0,[{"fmt":"0","w":0,"h":0}],[0],0,[],[],[]],[1,0,0,["cc.ImageAsset"],0,[{"fmt":"7@100_6@1026_5@1025_0","w":0,"h":0}],[0],0,[],[],[]],[1,0,0,["cc.ImageAsset"],0,[{"fmt":"0","w":0,"h":0}],[0],0,[],[],[]],[1,0,0,["cc.ImageAsset"],0,[{"fmt":"0","w":0,"h":0}],[0],0,[],[],[]],[1,0,0,["cc.ImageAsset"],0,[{"fmt":"0","w":0,"h":0}],[0],0,[],[],[]],[1,0,0,["cc.ImageAsset"],0,[{"fmt":"0","w":0,"h":0}],[0],0,[],[],[]],[1,0,0,["cc.ImageAsset"],0,[{"fmt":"0","w":0,"h":0}],[0],0,[],[],[]],[1,0,0,["cc.ImageAsset"],0,[{"fmt":"0","w":0,"h":0}],[0],0,[],[],[]],[1,0,0,["cc.ImageAsset"],0,[{"fmt":"0","w":0,"h":0}],[0],0,[],[],[]],[1,0,0,["cc.ImageAsset"],0,[{"fmt":"0","w":0,"h":0}],[0],0,[],[],[]],[1,0,0,["cc.ImageAsset"],0,[{"fmt":"0","w":0,"h":0}],[0],0,[],[],[]],[1,0,0,["cc.ImageAsset"],0,[{"fmt":"0","w":0,"h":0}],[0],0,[],[],[]],[1,0,0,["cc.ImageAsset"],0,[{"fmt":"0","w":0,"h":0}],[0],0,[],[],[]],[1,0,0,["cc.ImageAsset"],0,[{"fmt":"0","w":0,"h":0}],[0],0,[],[],[]],[1,0,0,["cc.ImageAsset"],0,[{"fmt":"0","w":0,"h":0}],[0],0,[],[],[]],[1,0,0,["cc.ImageAsset"],0,[{"fmt":"7@100_6@1026_5@1025_0","w":0,"h":0}],[0],0,[],[],[]],[1,0,0,["cc.ImageAsset"],0,[{"fmt":"0","w":0,"h":0}],[0],0,[],[],[]],[1,0,0,["cc.ImageAsset"],0,[{"fmt":"7@100_6@1026_5@1025_0","w":0,"h":0}],[0],0,[],[],[]],[1,0,0,["cc.ImageAsset"],0,[{"fmt":"7@100_6@1026_5@1025_0","w":0,"h":0}],[0],0,[],[],[]],[1,0,0,["cc.ImageAsset"],0,[{"fmt":"0","w":0,"h":0}],[0],0,[],[],[]],[1,0,0,["cc.ImageAsset"],0,[{"fmt":"7@100_6@1026_5@1025_0","w":0,"h":0}],[0],0,[],[],[]],[1,0,0,["cc.ImageAsset"],0,[{"fmt":"0","w":59,"h":134}],[0],0,[],[],[]],[1,0,0,["cc.ImageAsset"],0,[{"fmt":"0","w":0,"h":0}],[0],0,[],[],[]],[1,0,0,["cc.ImageAsset"],0,[{"fmt":"7@100_6@1026_5@1025_0","w":0,"h":0}],[0],0,[],[],[]],[1,0,0,["cc.ImageAsset"],0,[{"fmt":"0","w":0,"h":0}],[0],0,[],[],[]],[1,0,0,["cc.ImageAsset"],0,[{"fmt":"0","w":0,"h":0}],[0],0,[],[],[]],[1,0,0,["cc.ImageAsset"],0,[{"fmt":"7@100_6@76_5@89_0","w":0,"h":0}],[0],0,[],[],[]],[1,0,0,["cc.ImageAsset"],0,[{"fmt":"0","w":0,"h":0}],[0],0,[],[],[]],[1,0,0,["cc.ImageAsset"],0,[{"fmt":"7@100_6@1026_5@1025_0","w":0,"h":0}],[0],0,[],[],[]],[1,0,0,["cc.ImageAsset"],0,[{"fmt":"0","w":0,"h":0}],[0],0,[],[],[]],[1,0,0,["cc.ImageAsset"],0,[{"fmt":"0","w":0,"h":0}],[0],0,[],[],[]],[1,0,0,["cc.ImageAsset"],0,[{"fmt":"7@100_6@76_5@89_0","w":0,"h":0}],[0],0,[],[],[]],[1,0,0,["cc.ImageAsset"],0,[{"fmt":"0","w":0,"h":0}],[0],0,[],[],[]],[1,0,0,["cc.ImageAsset"],0,[{"fmt":"0","w":0,"h":0}],[0],0,[],[],[]],[1,0,0,["cc.ImageAsset"],0,[{"fmt":"0","w":0,"h":0}],[0],0,[],[],[]],[1,0,0,["cc.ImageAsset"],0,[{"fmt":"7@100_6@1026_5@1025_0","w":0,"h":0}],[0],0,[],[],[]],[1,0,0,["cc.ImageAsset"],0,[{"fmt":"7@100_6@1026_5@1025_0","w":0,"h":0}],[0],0,[],[],[]],[1,0,0,["cc.ImageAsset"],0,[{"fmt":"7@100_6@76_5@89_1","w":0,"h":0}],[0],0,[],[],[]]]}
