[1,["15803eba0@6c48a"],["_textureSource"],["cc.SpriteFrame"],0,[[[{"name":"T_LoadingEmpty","rect":{"x":3,"y":72,"width":59,"height":49},"offset":{"x":0,"y":0},"originalSize":{"width":59,"height":49},"rotated":true,"capInsets":[0,0,0,0],"texture":"15803eba0@6c48a","packable":true}],[0],0,[0],[0],[0]],[[{"name":"T_LoadingFull","rect":{"x":3,"y":3,"width":63,"height":53},"offset":{"x":0,"y":0},"originalSize":{"width":63,"height":53},"rotated":true,"capInsets":[0,0,0,0],"texture":"15803eba0@6c48a","packable":true}],[0],0,[0],[0],[0]]]]
