[1,["27jCA7IMZFnIKlW+cXe89h@6c48a","4cObIy7ztEHLFolgSPLpQv@6c48a","74FH7cF+VGUJCuaecGBK3i@6c48a","4cObIy7ztEHLFolgSPLpQv@f9941","74FH7cF+VGUJCuaecGBK3i@f9941","27jCA7IMZFnIKlW+cXe89h@f9941"],["node","_textureSource","_spriteFrame","_cameraComponent","scene","_parent"],[["cc.Node",["_name","_layer","_id","_components","_parent","_lpos","_children"],0,9,1,5,2],["cc.Widget",["_alignFlags","_right","_originalWidth","_bottom","_originalHeight","_left","node","__prefab"],-3,1,4],"cc.SpriteFrame",["cc.SceneAsset",["_name"],2],["cc.Node",["_name","_parent","_components","_lpos"],2,1,2,5],["cc.UITransform",["node","__prefab","_contentSize"],3,1,4,5],["cc.CompPrefabInfo",["fileId"],2],["cc.Canvas",["node","__prefab","_cameraComponent"],3,1,4,1],["cc.Sprite",["_sizeMode","node","__prefab","_spriteFrame"],2,1,4,6],["f2259PaclBBH7Zth41ZQzqY",["velocity","node"],2,1],["cc.Scene",["_name","_children","_globals"],2,2,4],["cc.SceneGlobals",["ambient","shadows","_skybox","fog"],3,4,4,4,4],["cc.AmbientInfo",[],3],["cc.ShadowsInfo",["_shadowColor"],3,5],["cc.SkyboxInfo",[],3],["cc.FogInfo",[],3],["01680Z8ZghMhIHy3Ac4UXWM",["node"],3,1],["cc.Camera",["_projection","_priority","_orthoHeight","_far","_visibility","node","_color"],-2,1,5]],[[6,0,2],[5,0,1,2,1],[8,0,1,2,3,2],[0,0,1,4,3,3],[3,0,2],[0,0,1,2,6,3,5,4],[0,0,1,4,3,5,3],[0,0,2,4,3,3],[4,0,1,2,3,2],[7,0,1,2,1],[1,0,6,7,2],[1,0,1,3,6,4],[1,0,2,4,6,4],[1,0,5,1,2,6,5],[9,0,1,2],[10,0,1,2,2],[11,0,1,2,3,1],[12,1],[13,0,1],[14,1],[15,1],[16,0,1],[17,0,1,2,3,4,5,6,6]],[[[{"name":"T_SplashLoading_A","rect":{"x":0,"y":0,"width":64,"height":64},"offset":{"x":0,"y":0},"originalSize":{"width":64,"height":64},"rotated":false,"capInsets":[0,0,0,0],"texture":"278c203b-20c6-459c-82a5-5be7177bcf61@6c48a","packable":true}],[2],0,[0],[1],[0]],[[{"name":"T_Splash_Background","rect":{"x":0,"y":0,"width":128,"height":128},"offset":{"x":0,"y":0},"originalSize":{"width":128,"height":128},"rotated":false,"capInsets":[0,0,0,0],"texture":"4c39b232-ef3b-441c-b168-96048f2e942f@6c48a","packable":true}],[2],0,[0],[1],[1]],[[{"name":"T_Splash_Logo_Pocket_Battle","rect":{"x":71,"y":47,"width":369,"height":159},"offset":{"x":-0.5,"y":1.5},"originalSize":{"width":512,"height":256},"rotated":false,"capInsets":[0,0,0,0],"texture":"74147edc-17e5-4650-90ae-69e70604ade2@6c48a","packable":true}],[2],0,[0],[1],[2]],[[[4,"Splash"],[5,"Canvas",33554432,"14U+qzpz9IHozd+8uPImc+",[-5,-6,-7,-8],[[1,-1,[0,"0dngp/9gNO34wUQjZfN/CX"],[5,414,896]],[9,-3,[0,"3f2oTdCepERZdpmIfLsrhd"],-2],[10,45,-4,[0,"e8a+bU/8dPDbbJguUzLdoF"]]],[1,207,448,0]],[6,"Loading",33554432,1,[[1,-9,[0,"f7NISe7HdAD68SLfhnddy8"],[5,64,64]],[11,20,25,25,-10],[2,0,-11,[0,"e71ctEmpxFC4KlSYRZNz/a"],2],[14,7,-12]],[1,0,-391,0]],[3,"SpriteBg",33554432,1,[[1,-13,[0,"f7NISe7HdAD68SLfhnddy8"],[5,414,896]],[2,0,-14,[0,"e71ctEmpxFC4KlSYRZNz/a"],0],[12,45,59,128,-15]]],[3,"Logo",33554432,1,[[1,-16,[0,"f7NISe7HdAD68SLfhnddy8"],[5,368,159]],[13,18,-116.18349999999998,38.18349999999998,492,-17],[2,0,-18,[0,"e71ctEmpxFC4KlSYRZNz/a"],1]]],[15,"Splash",[-19,1],[16,[17],[18,[4,4283190348]],[19],[20]]],[7,"SplashController","224yDZp/BHO4wot8u9kaqW",5,[[21,-20]]],[8,"Camera",1,[-21],[1,0,0,1000]],[22,0,1073741824,448,2000,41943040,7,[4,4291994975]]],0,[0,0,1,0,3,8,0,0,1,0,0,1,0,-1,7,0,-2,3,0,-3,4,0,-4,2,0,0,2,0,0,2,0,0,2,0,0,2,0,0,3,0,0,3,0,0,3,0,0,4,0,0,4,0,0,4,0,-1,6,0,0,6,0,-1,8,0,4,5,1,5,5,21],[0,0,0],[2,2,2],[3,4,5]]]]
